status,seed,seed_slug,domain,elicitation_strategy,ner_strategy,model,out_dir,profile,max_depth,max_subjects,max_facts_hint,ner_batch_size,crawler,python,command,timestamp,batch_mode,effective_concurrency
DRY_RUN,ancient city of Babylon,ancient_city_of_Babylon,topic,baseline,calibrate,deepseek,runs/TestDryRun/topic/deepseek/baseline/det/ancient_city_of_Babylon/20251029_221411,det,1,10,100,50,crawler_batch_concurrency_topic.py,/Users/muhammedsaeed/anaconda3/envs/KB/bin/python,/Users/muhammedsaeed/anaconda3/envs/KB/bin/python crawler_batch_concurrency_topic.py --seed 'ancient city of Babylon' --output-dir runs/TestDryRun/topic/deepseek/baseline/det/ancient_city_of_Babylon/20251029_221411 --domain topic --elicitation-strategy baseline --ner-strategy calibrate --elicit-model-key deepseek --ner-model-key deepseek --max-depth 1 --max-facts-hint 100 --max-subjects 10 --ner-batch-size 50 --concurrency 10 --temperature 0.0 --top-p 1.0 --max-tokens 2000,2025-10-29T22:14:11.065512,False,10
DRY_RUN,The Big Bang Theory,The_Big_Bang_Theory,topic,baseline,calibrate,deepseek,runs/TestDryRun/topic/deepseek/baseline/det/The_Big_Bang_Theory/20251029_221411,det,1,10,100,50,crawler_batch_concurrency_topic.py,/Users/muhammedsaeed/anaconda3/envs/KB/bin/python,/Users/muhammedsaeed/anaconda3/envs/KB/bin/python crawler_batch_concurrency_topic.py --seed 'The Big Bang Theory' --output-dir runs/TestDryRun/topic/deepseek/baseline/det/The_Big_Bang_Theory/20251029_221411 --domain topic --elicitation-strategy baseline --ner-strategy calibrate --elicit-model-key deepseek --ner-model-key deepseek --max-depth 1 --max-facts-hint 100 --max-subjects 10 --ner-batch-size 50 --concurrency 10 --temperature 0.0 --top-p 1.0 --max-tokens 2000,2025-10-29T22:14:11.065533,False,10
DRY_RUN,DAX 40 Index,DAX_40_Index,topic,baseline,calibrate,deepseek,runs/TestDryRun/topic/deepseek/baseline/det/DAX_40_Index/20251029_221411,det,1,10,100,50,crawler_batch_concurrency_topic.py,/Users/muhammedsaeed/anaconda3/envs/KB/bin/python,/Users/muhammedsaeed/anaconda3/envs/KB/bin/python crawler_batch_concurrency_topic.py --seed 'DAX 40 Index' --output-dir runs/TestDryRun/topic/deepseek/baseline/det/DAX_40_Index/20251029_221411 --domain topic --elicitation-strategy baseline --ner-strategy calibrate --elicit-model-key deepseek --ner-model-key deepseek --max-depth 1 --max-facts-hint 100 --max-subjects 10 --ner-batch-size 50 --concurrency 10 --temperature 0.0 --top-p 1.0 --max-tokens 2000,2025-10-29T22:14:11.065547,False,10
DRY_RUN,ancient city of Babylon,ancient_city_of_Babylon,topic,baseline,calibrate,deepseek,runs/TestDryRun/topic/deepseek/baseline/medium/ancient_city_of_Babylon/20251029_221411,medium,1,10,100,50,crawler_batch_concurrency_topic.py,/Users/muhammedsaeed/anaconda3/envs/KB/bin/python,/Users/muhammedsaeed/anaconda3/envs/KB/bin/python crawler_batch_concurrency_topic.py --seed 'ancient city of Babylon' --output-dir runs/TestDryRun/topic/deepseek/baseline/medium/ancient_city_of_Babylon/20251029_221411 --domain topic --elicitation-strategy baseline --ner-strategy calibrate --elicit-model-key deepseek --ner-model-key deepseek --max-depth 1 --max-facts-hint 100 --max-subjects 10 --ner-batch-size 50 --concurrency 10 --temperature 0.7 --top-p 0.95 --top-k 50 --max-tokens 2000,2025-10-29T22:14:11.065562,False,10
DRY_RUN,The Big Bang Theory,The_Big_Bang_Theory,topic,baseline,calibrate,deepseek,runs/TestDryRun/topic/deepseek/baseline/medium/The_Big_Bang_Theory/20251029_221411,medium,1,10,100,50,crawler_batch_concurrency_topic.py,/Users/muhammedsaeed/anaconda3/envs/KB/bin/python,/Users/muhammedsaeed/anaconda3/envs/KB/bin/python crawler_batch_concurrency_topic.py --seed 'The Big Bang Theory' --output-dir runs/TestDryRun/topic/deepseek/baseline/medium/The_Big_Bang_Theory/20251029_221411 --domain topic --elicitation-strategy baseline --ner-strategy calibrate --elicit-model-key deepseek --ner-model-key deepseek --max-depth 1 --max-facts-hint 100 --max-subjects 10 --ner-batch-size 50 --concurrency 10 --temperature 0.7 --top-p 0.95 --top-k 50 --max-tokens 2000,2025-10-29T22:14:11.065584,False,10
DRY_RUN,DAX 40 Index,DAX_40_Index,topic,baseline,calibrate,deepseek,runs/TestDryRun/topic/deepseek/baseline/medium/DAX_40_Index/20251029_221411,medium,1,10,100,50,crawler_batch_concurrency_topic.py,/Users/muhammedsaeed/anaconda3/envs/KB/bin/python,/Users/muhammedsaeed/anaconda3/envs/KB/bin/python crawler_batch_concurrency_topic.py --seed 'DAX 40 Index' --output-dir runs/TestDryRun/topic/deepseek/baseline/medium/DAX_40_Index/20251029_221411 --domain topic --elicitation-strategy baseline --ner-strategy calibrate --elicit-model-key deepseek --ner-model-key deepseek --max-depth 1 --max-facts-hint 100 --max-subjects 10 --ner-batch-size 50 --concurrency 10 --temperature 0.7 --top-p 0.95 --top-k 50 --max-tokens 2000,2025-10-29T22:14:11.065598,False,10
DRY_RUN,ancient city of Babylon,ancient_city_of_Babylon,topic,baseline,calibrate,deepseek,runs/TestDryRun/topic/deepseek/baseline/wild/ancient_city_of_Babylon/20251029_221411,wild,1,10,100,50,crawler_batch_concurrency_topic.py,/Users/muhammedsaeed/anaconda3/envs/KB/bin/python,/Users/muhammedsaeed/anaconda3/envs/KB/bin/python crawler_batch_concurrency_topic.py --seed 'ancient city of Babylon' --output-dir runs/TestDryRun/topic/deepseek/baseline/wild/ancient_city_of_Babylon/20251029_221411 --domain topic --elicitation-strategy baseline --ner-strategy calibrate --elicit-model-key deepseek --ner-model-key deepseek --max-depth 1 --max-facts-hint 100 --max-subjects 10 --ner-batch-size 50 --concurrency 10 --temperature 2.0 --top-p 1.0 --top-k 100 --max-tokens 2000,2025-10-29T22:14:11.065611,False,10
DRY_RUN,The Big Bang Theory,The_Big_Bang_Theory,topic,baseline,calibrate,deepseek,runs/TestDryRun/topic/deepseek/baseline/wild/The_Big_Bang_Theory/20251029_221411,wild,1,10,100,50,crawler_batch_concurrency_topic.py,/Users/muhammedsaeed/anaconda3/envs/KB/bin/python,/Users/muhammedsaeed/anaconda3/envs/KB/bin/python crawler_batch_concurrency_topic.py --seed 'The Big Bang Theory' --output-dir runs/TestDryRun/topic/deepseek/baseline/wild/The_Big_Bang_Theory/20251029_221411 --domain topic --elicitation-strategy baseline --ner-strategy calibrate --elicit-model-key deepseek --ner-model-key deepseek --max-depth 1 --max-facts-hint 100 --max-subjects 10 --ner-batch-size 50 --concurrency 10 --temperature 2.0 --top-p 1.0 --top-k 100 --max-tokens 2000,2025-10-29T22:14:11.065624,False,10
DRY_RUN,DAX 40 Index,DAX_40_Index,topic,baseline,calibrate,deepseek,runs/TestDryRun/topic/deepseek/baseline/wild/DAX_40_Index/20251029_221411,wild,1,10,100,50,crawler_batch_concurrency_topic.py,/Users/muhammedsaeed/anaconda3/envs/KB/bin/python,/Users/muhammedsaeed/anaconda3/envs/KB/bin/python crawler_batch_concurrency_topic.py --seed 'DAX 40 Index' --output-dir runs/TestDryRun/topic/deepseek/baseline/wild/DAX_40_Index/20251029_221411 --domain topic --elicitation-strategy baseline --ner-strategy calibrate --elicit-model-key deepseek --ner-model-key deepseek --max-depth 1 --max-facts-hint 100 --max-subjects 10 --ner-batch-size 50 --concurrency 10 --temperature 2.0 --top-p 1.0 --top-k 100 --max-tokens 2000,2025-10-29T22:14:11.065636,False,10
DRY_RUN,ancient city of Babylon,ancient_city_of_Babylon,topic,calibrate,calibrate,deepseek,runs/TestDryRun/topic/deepseek/calibrate/det/ancient_city_of_Babylon/20251029_221411,det,1,10,100,50,crawler_batch_concurrency_topic.py,/Users/muhammedsaeed/anaconda3/envs/KB/bin/python,/Users/muhammedsaeed/anaconda3/envs/KB/bin/python crawler_batch_concurrency_topic.py --seed 'ancient city of Babylon' --output-dir runs/TestDryRun/topic/deepseek/calibrate/det/ancient_city_of_Babylon/20251029_221411 --domain topic --elicitation-strategy calibrate --ner-strategy calibrate --elicit-model-key deepseek --ner-model-key deepseek --max-depth 1 --max-facts-hint 100 --max-subjects 10 --ner-batch-size 50 --concurrency 10 --temperature 0.0 --top-p 1.0 --max-tokens 2000,2025-10-29T22:14:11.065648,False,10
DRY_RUN,The Big Bang Theory,The_Big_Bang_Theory,topic,calibrate,calibrate,deepseek,runs/TestDryRun/topic/deepseek/calibrate/det/The_Big_Bang_Theory/20251029_221411,det,1,10,100,50,crawler_batch_concurrency_topic.py,/Users/muhammedsaeed/anaconda3/envs/KB/bin/python,/Users/muhammedsaeed/anaconda3/envs/KB/bin/python crawler_batch_concurrency_topic.py --seed 'The Big Bang Theory' --output-dir runs/TestDryRun/topic/deepseek/calibrate/det/The_Big_Bang_Theory/20251029_221411 --domain topic --elicitation-strategy calibrate --ner-strategy calibrate --elicit-model-key deepseek --ner-model-key deepseek --max-depth 1 --max-facts-hint 100 --max-subjects 10 --ner-batch-size 50 --concurrency 10 --temperature 0.0 --top-p 1.0 --max-tokens 2000,2025-10-29T22:14:11.065660,False,10
DRY_RUN,DAX 40 Index,DAX_40_Index,topic,calibrate,calibrate,deepseek,runs/TestDryRun/topic/deepseek/calibrate/det/DAX_40_Index/20251029_221411,det,1,10,100,50,crawler_batch_concurrency_topic.py,/Users/muhammedsaeed/anaconda3/envs/KB/bin/python,/Users/muhammedsaeed/anaconda3/envs/KB/bin/python crawler_batch_concurrency_topic.py --seed 'DAX 40 Index' --output-dir runs/TestDryRun/topic/deepseek/calibrate/det/DAX_40_Index/20251029_221411 --domain topic --elicitation-strategy calibrate --ner-strategy calibrate --elicit-model-key deepseek --ner-model-key deepseek --max-depth 1 --max-facts-hint 100 --max-subjects 10 --ner-batch-size 50 --concurrency 10 --temperature 0.0 --top-p 1.0 --max-tokens 2000,2025-10-29T22:14:11.065672,False,10
DRY_RUN,ancient city of Babylon,ancient_city_of_Babylon,topic,calibrate,calibrate,deepseek,runs/TestDryRun/topic/deepseek/calibrate/medium/ancient_city_of_Babylon/20251029_221411,medium,1,10,100,50,crawler_batch_concurrency_topic.py,/Users/muhammedsaeed/anaconda3/envs/KB/bin/python,/Users/muhammedsaeed/anaconda3/envs/KB/bin/python crawler_batch_concurrency_topic.py --seed 'ancient city of Babylon' --output-dir runs/TestDryRun/topic/deepseek/calibrate/medium/ancient_city_of_Babylon/20251029_221411 --domain topic --elicitation-strategy calibrate --ner-strategy calibrate --elicit-model-key deepseek --ner-model-key deepseek --max-depth 1 --max-facts-hint 100 --max-subjects 10 --ner-batch-size 50 --concurrency 10 --temperature 0.7 --top-p 0.95 --top-k 50 --max-tokens 2000,2025-10-29T22:14:11.065684,False,10
DRY_RUN,The Big Bang Theory,The_Big_Bang_Theory,topic,calibrate,calibrate,deepseek,runs/TestDryRun/topic/deepseek/calibrate/medium/The_Big_Bang_Theory/20251029_221411,medium,1,10,100,50,crawler_batch_concurrency_topic.py,/Users/muhammedsaeed/anaconda3/envs/KB/bin/python,/Users/muhammedsaeed/anaconda3/envs/KB/bin/python crawler_batch_concurrency_topic.py --seed 'The Big Bang Theory' --output-dir runs/TestDryRun/topic/deepseek/calibrate/medium/The_Big_Bang_Theory/20251029_221411 --domain topic --elicitation-strategy calibrate --ner-strategy calibrate --elicit-model-key deepseek --ner-model-key deepseek --max-depth 1 --max-facts-hint 100 --max-subjects 10 --ner-batch-size 50 --concurrency 10 --temperature 0.7 --top-p 0.95 --top-k 50 --max-tokens 2000,2025-10-29T22:14:11.065696,False,10
DRY_RUN,DAX 40 Index,DAX_40_Index,topic,calibrate,calibrate,deepseek,runs/TestDryRun/topic/deepseek/calibrate/medium/DAX_40_Index/20251029_221411,medium,1,10,100,50,crawler_batch_concurrency_topic.py,/Users/muhammedsaeed/anaconda3/envs/KB/bin/python,/Users/muhammedsaeed/anaconda3/envs/KB/bin/python crawler_batch_concurrency_topic.py --seed 'DAX 40 Index' --output-dir runs/TestDryRun/topic/deepseek/calibrate/medium/DAX_40_Index/20251029_221411 --domain topic --elicitation-strategy calibrate --ner-strategy calibrate --elicit-model-key deepseek --ner-model-key deepseek --max-depth 1 --max-facts-hint 100 --max-subjects 10 --ner-batch-size 50 --concurrency 10 --temperature 0.7 --top-p 0.95 --top-k 50 --max-tokens 2000,2025-10-29T22:14:11.065708,False,10
DRY_RUN,ancient city of Babylon,ancient_city_of_Babylon,topic,calibrate,calibrate,deepseek,runs/TestDryRun/topic/deepseek/calibrate/wild/ancient_city_of_Babylon/20251029_221411,wild,1,10,100,50,crawler_batch_concurrency_topic.py,/Users/muhammedsaeed/anaconda3/envs/KB/bin/python,/Users/muhammedsaeed/anaconda3/envs/KB/bin/python crawler_batch_concurrency_topic.py --seed 'ancient city of Babylon' --output-dir runs/TestDryRun/topic/deepseek/calibrate/wild/ancient_city_of_Babylon/20251029_221411 --domain topic --elicitation-strategy calibrate --ner-strategy calibrate --elicit-model-key deepseek --ner-model-key deepseek --max-depth 1 --max-facts-hint 100 --max-subjects 10 --ner-batch-size 50 --concurrency 10 --temperature 2.0 --top-p 1.0 --top-k 100 --max-tokens 2000,2025-10-29T22:14:11.065720,False,10
DRY_RUN,The Big Bang Theory,The_Big_Bang_Theory,topic,calibrate,calibrate,deepseek,runs/TestDryRun/topic/deepseek/calibrate/wild/The_Big_Bang_Theory/20251029_221411,wild,1,10,100,50,crawler_batch_concurrency_topic.py,/Users/muhammedsaeed/anaconda3/envs/KB/bin/python,/Users/muhammedsaeed/anaconda3/envs/KB/bin/python crawler_batch_concurrency_topic.py --seed 'The Big Bang Theory' --output-dir runs/TestDryRun/topic/deepseek/calibrate/wild/The_Big_Bang_Theory/20251029_221411 --domain topic --elicitation-strategy calibrate --ner-strategy calibrate --elicit-model-key deepseek --ner-model-key deepseek --max-depth 1 --max-facts-hint 100 --max-subjects 10 --ner-batch-size 50 --concurrency 10 --temperature 2.0 --top-p 1.0 --top-k 100 --max-tokens 2000,2025-10-29T22:14:11.065733,False,10
DRY_RUN,DAX 40 Index,DAX_40_Index,topic,calibrate,calibrate,deepseek,runs/TestDryRun/topic/deepseek/calibrate/wild/DAX_40_Index/20251029_221411,wild,1,10,100,50,crawler_batch_concurrency_topic.py,/Users/muhammedsaeed/anaconda3/envs/KB/bin/python,/Users/muhammedsaeed/anaconda3/envs/KB/bin/python crawler_batch_concurrency_topic.py --seed 'DAX 40 Index' --output-dir runs/TestDryRun/topic/deepseek/calibrate/wild/DAX_40_Index/20251029_221411 --domain topic --elicitation-strategy calibrate --ner-strategy calibrate --elicit-model-key deepseek --ner-model-key deepseek --max-depth 1 --max-facts-hint 100 --max-subjects 10 --ner-batch-size 50 --concurrency 10 --temperature 2.0 --top-p 1.0 --top-k 100 --max-tokens 2000,2025-10-29T22:14:11.065745,False,10
DRY_RUN,ancient city of Babylon,ancient_city_of_Babylon,topic,icl,calibrate,deepseek,runs/TestDryRun/topic/deepseek/icl/det/ancient_city_of_Babylon/20251029_221411,det,1,10,100,50,crawler_batch_concurrency_topic.py,/Users/muhammedsaeed/anaconda3/envs/KB/bin/python,/Users/muhammedsaeed/anaconda3/envs/KB/bin/python crawler_batch_concurrency_topic.py --seed 'ancient city of Babylon' --output-dir runs/TestDryRun/topic/deepseek/icl/det/ancient_city_of_Babylon/20251029_221411 --domain topic --elicitation-strategy icl --ner-strategy calibrate --elicit-model-key deepseek --ner-model-key deepseek --max-depth 1 --max-facts-hint 100 --max-subjects 10 --ner-batch-size 50 --concurrency 10 --temperature 0.0 --top-p 1.0 --max-tokens 2000,2025-10-29T22:14:11.065757,False,10
DRY_RUN,The Big Bang Theory,The_Big_Bang_Theory,topic,icl,calibrate,deepseek,runs/TestDryRun/topic/deepseek/icl/det/The_Big_Bang_Theory/20251029_221411,det,1,10,100,50,crawler_batch_concurrency_topic.py,/Users/muhammedsaeed/anaconda3/envs/KB/bin/python,/Users/muhammedsaeed/anaconda3/envs/KB/bin/python crawler_batch_concurrency_topic.py --seed 'The Big Bang Theory' --output-dir runs/TestDryRun/topic/deepseek/icl/det/The_Big_Bang_Theory/20251029_221411 --domain topic --elicitation-strategy icl --ner-strategy calibrate --elicit-model-key deepseek --ner-model-key deepseek --max-depth 1 --max-facts-hint 100 --max-subjects 10 --ner-batch-size 50 --concurrency 10 --temperature 0.0 --top-p 1.0 --max-tokens 2000,2025-10-29T22:14:11.065768,False,10
DRY_RUN,DAX 40 Index,DAX_40_Index,topic,icl,calibrate,deepseek,runs/TestDryRun/topic/deepseek/icl/det/DAX_40_Index/20251029_221411,det,1,10,100,50,crawler_batch_concurrency_topic.py,/Users/muhammedsaeed/anaconda3/envs/KB/bin/python,/Users/muhammedsaeed/anaconda3/envs/KB/bin/python crawler_batch_concurrency_topic.py --seed 'DAX 40 Index' --output-dir runs/TestDryRun/topic/deepseek/icl/det/DAX_40_Index/20251029_221411 --domain topic --elicitation-strategy icl --ner-strategy calibrate --elicit-model-key deepseek --ner-model-key deepseek --max-depth 1 --max-facts-hint 100 --max-subjects 10 --ner-batch-size 50 --concurrency 10 --temperature 0.0 --top-p 1.0 --max-tokens 2000,2025-10-29T22:14:11.065779,False,10
DRY_RUN,ancient city of Babylon,ancient_city_of_Babylon,topic,icl,calibrate,deepseek,runs/TestDryRun/topic/deepseek/icl/medium/ancient_city_of_Babylon/20251029_221411,medium,1,10,100,50,crawler_batch_concurrency_topic.py,/Users/muhammedsaeed/anaconda3/envs/KB/bin/python,/Users/muhammedsaeed/anaconda3/envs/KB/bin/python crawler_batch_concurrency_topic.py --seed 'ancient city of Babylon' --output-dir runs/TestDryRun/topic/deepseek/icl/medium/ancient_city_of_Babylon/20251029_221411 --domain topic --elicitation-strategy icl --ner-strategy calibrate --elicit-model-key deepseek --ner-model-key deepseek --max-depth 1 --max-facts-hint 100 --max-subjects 10 --ner-batch-size 50 --concurrency 10 --temperature 0.7 --top-p 0.95 --top-k 50 --max-tokens 2000,2025-10-29T22:14:11.065791,False,10
DRY_RUN,The Big Bang Theory,The_Big_Bang_Theory,topic,icl,calibrate,deepseek,runs/TestDryRun/topic/deepseek/icl/medium/The_Big_Bang_Theory/20251029_221411,medium,1,10,100,50,crawler_batch_concurrency_topic.py,/Users/muhammedsaeed/anaconda3/envs/KB/bin/python,/Users/muhammedsaeed/anaconda3/envs/KB/bin/python crawler_batch_concurrency_topic.py --seed 'The Big Bang Theory' --output-dir runs/TestDryRun/topic/deepseek/icl/medium/The_Big_Bang_Theory/20251029_221411 --domain topic --elicitation-strategy icl --ner-strategy calibrate --elicit-model-key deepseek --ner-model-key deepseek --max-depth 1 --max-facts-hint 100 --max-subjects 10 --ner-batch-size 50 --concurrency 10 --temperature 0.7 --top-p 0.95 --top-k 50 --max-tokens 2000,2025-10-29T22:14:11.065802,False,10
DRY_RUN,DAX 40 Index,DAX_40_Index,topic,icl,calibrate,deepseek,runs/TestDryRun/topic/deepseek/icl/medium/DAX_40_Index/20251029_221411,medium,1,10,100,50,crawler_batch_concurrency_topic.py,/Users/muhammedsaeed/anaconda3/envs/KB/bin/python,/Users/muhammedsaeed/anaconda3/envs/KB/bin/python crawler_batch_concurrency_topic.py --seed 'DAX 40 Index' --output-dir runs/TestDryRun/topic/deepseek/icl/medium/DAX_40_Index/20251029_221411 --domain topic --elicitation-strategy icl --ner-strategy calibrate --elicit-model-key deepseek --ner-model-key deepseek --max-depth 1 --max-facts-hint 100 --max-subjects 10 --ner-batch-size 50 --concurrency 10 --temperature 0.7 --top-p 0.95 --top-k 50 --max-tokens 2000,2025-10-29T22:14:11.065814,False,10
DRY_RUN,ancient city of Babylon,ancient_city_of_Babylon,topic,icl,calibrate,deepseek,runs/TestDryRun/topic/deepseek/icl/wild/ancient_city_of_Babylon/20251029_221411,wild,1,10,100,50,crawler_batch_concurrency_topic.py,/Users/muhammedsaeed/anaconda3/envs/KB/bin/python,/Users/muhammedsaeed/anaconda3/envs/KB/bin/python crawler_batch_concurrency_topic.py --seed 'ancient city of Babylon' --output-dir runs/TestDryRun/topic/deepseek/icl/wild/ancient_city_of_Babylon/20251029_221411 --domain topic --elicitation-strategy icl --ner-strategy calibrate --elicit-model-key deepseek --ner-model-key deepseek --max-depth 1 --max-facts-hint 100 --max-subjects 10 --ner-batch-size 50 --concurrency 10 --temperature 2.0 --top-p 1.0 --top-k 100 --max-tokens 2000,2025-10-29T22:14:11.065825,False,10
DRY_RUN,The Big Bang Theory,The_Big_Bang_Theory,topic,icl,calibrate,deepseek,runs/TestDryRun/topic/deepseek/icl/wild/The_Big_Bang_Theory/20251029_221411,wild,1,10,100,50,crawler_batch_concurrency_topic.py,/Users/muhammedsaeed/anaconda3/envs/KB/bin/python,/Users/muhammedsaeed/anaconda3/envs/KB/bin/python crawler_batch_concurrency_topic.py --seed 'The Big Bang Theory' --output-dir runs/TestDryRun/topic/deepseek/icl/wild/The_Big_Bang_Theory/20251029_221411 --domain topic --elicitation-strategy icl --ner-strategy calibrate --elicit-model-key deepseek --ner-model-key deepseek --max-depth 1 --max-facts-hint 100 --max-subjects 10 --ner-batch-size 50 --concurrency 10 --temperature 2.0 --top-p 1.0 --top-k 100 --max-tokens 2000,2025-10-29T22:14:11.065836,False,10
DRY_RUN,DAX 40 Index,DAX_40_Index,topic,icl,calibrate,deepseek,runs/TestDryRun/topic/deepseek/icl/wild/DAX_40_Index/20251029_221411,wild,1,10,100,50,crawler_batch_concurrency_topic.py,/Users/muhammedsaeed/anaconda3/envs/KB/bin/python,/Users/muhammedsaeed/anaconda3/envs/KB/bin/python crawler_batch_concurrency_topic.py --seed 'DAX 40 Index' --output-dir runs/TestDryRun/topic/deepseek/icl/wild/DAX_40_Index/20251029_221411 --domain topic --elicitation-strategy icl --ner-strategy calibrate --elicit-model-key deepseek --ner-model-key deepseek --max-depth 1 --max-facts-hint 100 --max-subjects 10 --ner-batch-size 50 --concurrency 10 --temperature 2.0 --top-p 1.0 --top-k 100 --max-tokens 2000,2025-10-29T22:14:11.065847,False,10
DRY_RUN,ancient city of Babylon,ancient_city_of_Babylon,topic,dont_know,calibrate,deepseek,runs/TestDryRun/topic/deepseek/dont_know/det/ancient_city_of_Babylon/20251029_221411,det,1,10,100,50,crawler_batch_concurrency_topic.py,/Users/muhammedsaeed/anaconda3/envs/KB/bin/python,/Users/muhammedsaeed/anaconda3/envs/KB/bin/python crawler_batch_concurrency_topic.py --seed 'ancient city of Babylon' --output-dir runs/TestDryRun/topic/deepseek/dont_know/det/ancient_city_of_Babylon/20251029_221411 --domain topic --elicitation-strategy dont_know --ner-strategy calibrate --elicit-model-key deepseek --ner-model-key deepseek --max-depth 1 --max-facts-hint 100 --max-subjects 10 --ner-batch-size 50 --concurrency 10 --temperature 0.0 --top-p 1.0 --max-tokens 2000,2025-10-29T22:14:11.065858,False,10
DRY_RUN,The Big Bang Theory,The_Big_Bang_Theory,topic,dont_know,calibrate,deepseek,runs/TestDryRun/topic/deepseek/dont_know/det/The_Big_Bang_Theory/20251029_221411,det,1,10,100,50,crawler_batch_concurrency_topic.py,/Users/muhammedsaeed/anaconda3/envs/KB/bin/python,/Users/muhammedsaeed/anaconda3/envs/KB/bin/python crawler_batch_concurrency_topic.py --seed 'The Big Bang Theory' --output-dir runs/TestDryRun/topic/deepseek/dont_know/det/The_Big_Bang_Theory/20251029_221411 --domain topic --elicitation-strategy dont_know --ner-strategy calibrate --elicit-model-key deepseek --ner-model-key deepseek --max-depth 1 --max-facts-hint 100 --max-subjects 10 --ner-batch-size 50 --concurrency 10 --temperature 0.0 --top-p 1.0 --max-tokens 2000,2025-10-29T22:14:11.065870,False,10
DRY_RUN,DAX 40 Index,DAX_40_Index,topic,dont_know,calibrate,deepseek,runs/TestDryRun/topic/deepseek/dont_know/det/DAX_40_Index/20251029_221411,det,1,10,100,50,crawler_batch_concurrency_topic.py,/Users/muhammedsaeed/anaconda3/envs/KB/bin/python,/Users/muhammedsaeed/anaconda3/envs/KB/bin/python crawler_batch_concurrency_topic.py --seed 'DAX 40 Index' --output-dir runs/TestDryRun/topic/deepseek/dont_know/det/DAX_40_Index/20251029_221411 --domain topic --elicitation-strategy dont_know --ner-strategy calibrate --elicit-model-key deepseek --ner-model-key deepseek --max-depth 1 --max-facts-hint 100 --max-subjects 10 --ner-batch-size 50 --concurrency 10 --temperature 0.0 --top-p 1.0 --max-tokens 2000,2025-10-29T22:14:11.065881,False,10
DRY_RUN,ancient city of Babylon,ancient_city_of_Babylon,topic,dont_know,calibrate,deepseek,runs/TestDryRun/topic/deepseek/dont_know/medium/ancient_city_of_Babylon/20251029_221411,medium,1,10,100,50,crawler_batch_concurrency_topic.py,/Users/muhammedsaeed/anaconda3/envs/KB/bin/python,/Users/muhammedsaeed/anaconda3/envs/KB/bin/python crawler_batch_concurrency_topic.py --seed 'ancient city of Babylon' --output-dir runs/TestDryRun/topic/deepseek/dont_know/medium/ancient_city_of_Babylon/20251029_221411 --domain topic --elicitation-strategy dont_know --ner-strategy calibrate --elicit-model-key deepseek --ner-model-key deepseek --max-depth 1 --max-facts-hint 100 --max-subjects 10 --ner-batch-size 50 --concurrency 10 --temperature 0.7 --top-p 0.95 --top-k 50 --max-tokens 2000,2025-10-29T22:14:11.065893,False,10
DRY_RUN,The Big Bang Theory,The_Big_Bang_Theory,topic,dont_know,calibrate,deepseek,runs/TestDryRun/topic/deepseek/dont_know/medium/The_Big_Bang_Theory/20251029_221411,medium,1,10,100,50,crawler_batch_concurrency_topic.py,/Users/muhammedsaeed/anaconda3/envs/KB/bin/python,/Users/muhammedsaeed/anaconda3/envs/KB/bin/python crawler_batch_concurrency_topic.py --seed 'The Big Bang Theory' --output-dir runs/TestDryRun/topic/deepseek/dont_know/medium/The_Big_Bang_Theory/20251029_221411 --domain topic --elicitation-strategy dont_know --ner-strategy calibrate --elicit-model-key deepseek --ner-model-key deepseek --max-depth 1 --max-facts-hint 100 --max-subjects 10 --ner-batch-size 50 --concurrency 10 --temperature 0.7 --top-p 0.95 --top-k 50 --max-tokens 2000,2025-10-29T22:14:11.065904,False,10
DRY_RUN,DAX 40 Index,DAX_40_Index,topic,dont_know,calibrate,deepseek,runs/TestDryRun/topic/deepseek/dont_know/medium/DAX_40_Index/20251029_221411,medium,1,10,100,50,crawler_batch_concurrency_topic.py,/Users/muhammedsaeed/anaconda3/envs/KB/bin/python,/Users/muhammedsaeed/anaconda3/envs/KB/bin/python crawler_batch_concurrency_topic.py --seed 'DAX 40 Index' --output-dir runs/TestDryRun/topic/deepseek/dont_know/medium/DAX_40_Index/20251029_221411 --domain topic --elicitation-strategy dont_know --ner-strategy calibrate --elicit-model-key deepseek --ner-model-key deepseek --max-depth 1 --max-facts-hint 100 --max-subjects 10 --ner-batch-size 50 --concurrency 10 --temperature 0.7 --top-p 0.95 --top-k 50 --max-tokens 2000,2025-10-29T22:14:11.065916,False,10
DRY_RUN,ancient city of Babylon,ancient_city_of_Babylon,topic,dont_know,calibrate,deepseek,runs/TestDryRun/topic/deepseek/dont_know/wild/ancient_city_of_Babylon/20251029_221411,wild,1,10,100,50,crawler_batch_concurrency_topic.py,/Users/muhammedsaeed/anaconda3/envs/KB/bin/python,/Users/muhammedsaeed/anaconda3/envs/KB/bin/python crawler_batch_concurrency_topic.py --seed 'ancient city of Babylon' --output-dir runs/TestDryRun/topic/deepseek/dont_know/wild/ancient_city_of_Babylon/20251029_221411 --domain topic --elicitation-strategy dont_know --ner-strategy calibrate --elicit-model-key deepseek --ner-model-key deepseek --max-depth 1 --max-facts-hint 100 --max-subjects 10 --ner-batch-size 50 --concurrency 10 --temperature 2.0 --top-p 1.0 --top-k 100 --max-tokens 2000,2025-10-29T22:14:11.065927,False,10
DRY_RUN,The Big Bang Theory,The_Big_Bang_Theory,topic,dont_know,calibrate,deepseek,runs/TestDryRun/topic/deepseek/dont_know/wild/The_Big_Bang_Theory/20251029_221411,wild,1,10,100,50,crawler_batch_concurrency_topic.py,/Users/muhammedsaeed/anaconda3/envs/KB/bin/python,/Users/muhammedsaeed/anaconda3/envs/KB/bin/python crawler_batch_concurrency_topic.py --seed 'The Big Bang Theory' --output-dir runs/TestDryRun/topic/deepseek/dont_know/wild/The_Big_Bang_Theory/20251029_221411 --domain topic --elicitation-strategy dont_know --ner-strategy calibrate --elicit-model-key deepseek --ner-model-key deepseek --max-depth 1 --max-facts-hint 100 --max-subjects 10 --ner-batch-size 50 --concurrency 10 --temperature 2.0 --top-p 1.0 --top-k 100 --max-tokens 2000,2025-10-29T22:14:11.065938,False,10
DRY_RUN,DAX 40 Index,DAX_40_Index,topic,dont_know,calibrate,deepseek,runs/TestDryRun/topic/deepseek/dont_know/wild/DAX_40_Index/20251029_221411,wild,1,10,100,50,crawler_batch_concurrency_topic.py,/Users/muhammedsaeed/anaconda3/envs/KB/bin/python,/Users/muhammedsaeed/anaconda3/envs/KB/bin/python crawler_batch_concurrency_topic.py --seed 'DAX 40 Index' --output-dir runs/TestDryRun/topic/deepseek/dont_know/wild/DAX_40_Index/20251029_221411 --domain topic --elicitation-strategy dont_know --ner-strategy calibrate --elicit-model-key deepseek --ner-model-key deepseek --max-depth 1 --max-facts-hint 100 --max-subjects 10 --ner-batch-size 50 --concurrency 10 --temperature 2.0 --top-p 1.0 --top-k 100 --max-tokens 2000,2025-10-29T22:14:11.065950,False,10
DRY_RUN,ancient city of Babylon,ancient_city_of_Babylon,topic,baseline,calibrate,granite8b,runs/TestDryRun/topic/granite8b/baseline/det/ancient_city_of_Babylon/20251029_221411,det,1,10,100,50,crawler_batch_concurrency_topic.py,/Users/muhammedsaeed/anaconda3/envs/KB/bin/python,/Users/muhammedsaeed/anaconda3/envs/KB/bin/python crawler_batch_concurrency_topic.py --seed 'ancient city of Babylon' --output-dir runs/TestDryRun/topic/granite8b/baseline/det/ancient_city_of_Babylon/20251029_221411 --domain topic --elicitation-strategy baseline --ner-strategy calibrate --elicit-model-key granite8b --ner-model-key granite8b --max-depth 1 --max-facts-hint 100 --max-subjects 10 --ner-batch-size 50 --concurrency 10 --temperature 0.0 --top-p 1.0 --max-tokens 2000,2025-10-29T22:14:11.065962,False,10
DRY_RUN,The Big Bang Theory,The_Big_Bang_Theory,topic,baseline,calibrate,granite8b,runs/TestDryRun/topic/granite8b/baseline/det/The_Big_Bang_Theory/20251029_221411,det,1,10,100,50,crawler_batch_concurrency_topic.py,/Users/muhammedsaeed/anaconda3/envs/KB/bin/python,/Users/muhammedsaeed/anaconda3/envs/KB/bin/python crawler_batch_concurrency_topic.py --seed 'The Big Bang Theory' --output-dir runs/TestDryRun/topic/granite8b/baseline/det/The_Big_Bang_Theory/20251029_221411 --domain topic --elicitation-strategy baseline --ner-strategy calibrate --elicit-model-key granite8b --ner-model-key granite8b --max-depth 1 --max-facts-hint 100 --max-subjects 10 --ner-batch-size 50 --concurrency 10 --temperature 0.0 --top-p 1.0 --max-tokens 2000,2025-10-29T22:14:11.065973,False,10
DRY_RUN,DAX 40 Index,DAX_40_Index,topic,baseline,calibrate,granite8b,runs/TestDryRun/topic/granite8b/baseline/det/DAX_40_Index/20251029_221411,det,1,10,100,50,crawler_batch_concurrency_topic.py,/Users/muhammedsaeed/anaconda3/envs/KB/bin/python,/Users/muhammedsaeed/anaconda3/envs/KB/bin/python crawler_batch_concurrency_topic.py --seed 'DAX 40 Index' --output-dir runs/TestDryRun/topic/granite8b/baseline/det/DAX_40_Index/20251029_221411 --domain topic --elicitation-strategy baseline --ner-strategy calibrate --elicit-model-key granite8b --ner-model-key granite8b --max-depth 1 --max-facts-hint 100 --max-subjects 10 --ner-batch-size 50 --concurrency 10 --temperature 0.0 --top-p 1.0 --max-tokens 2000,2025-10-29T22:14:11.065984,False,10
DRY_RUN,ancient city of Babylon,ancient_city_of_Babylon,topic,baseline,calibrate,granite8b,runs/TestDryRun/topic/granite8b/baseline/medium/ancient_city_of_Babylon/20251029_221411,medium,1,10,100,50,crawler_batch_concurrency_topic.py,/Users/muhammedsaeed/anaconda3/envs/KB/bin/python,/Users/muhammedsaeed/anaconda3/envs/KB/bin/python crawler_batch_concurrency_topic.py --seed 'ancient city of Babylon' --output-dir runs/TestDryRun/topic/granite8b/baseline/medium/ancient_city_of_Babylon/20251029_221411 --domain topic --elicitation-strategy baseline --ner-strategy calibrate --elicit-model-key granite8b --ner-model-key granite8b --max-depth 1 --max-facts-hint 100 --max-subjects 10 --ner-batch-size 50 --concurrency 10 --temperature 0.7 --top-p 0.95 --top-k 50 --max-tokens 2000,2025-10-29T22:14:11.065996,False,10
DRY_RUN,The Big Bang Theory,The_Big_Bang_Theory,topic,baseline,calibrate,granite8b,runs/TestDryRun/topic/granite8b/baseline/medium/The_Big_Bang_Theory/20251029_221411,medium,1,10,100,50,crawler_batch_concurrency_topic.py,/Users/muhammedsaeed/anaconda3/envs/KB/bin/python,/Users/muhammedsaeed/anaconda3/envs/KB/bin/python crawler_batch_concurrency_topic.py --seed 'The Big Bang Theory' --output-dir runs/TestDryRun/topic/granite8b/baseline/medium/The_Big_Bang_Theory/20251029_221411 --domain topic --elicitation-strategy baseline --ner-strategy calibrate --elicit-model-key granite8b --ner-model-key granite8b --max-depth 1 --max-facts-hint 100 --max-subjects 10 --ner-batch-size 50 --concurrency 10 --temperature 0.7 --top-p 0.95 --top-k 50 --max-tokens 2000,2025-10-29T22:14:11.066008,False,10
DRY_RUN,DAX 40 Index,DAX_40_Index,topic,baseline,calibrate,granite8b,runs/TestDryRun/topic/granite8b/baseline/medium/DAX_40_Index/20251029_221411,medium,1,10,100,50,crawler_batch_concurrency_topic.py,/Users/muhammedsaeed/anaconda3/envs/KB/bin/python,/Users/muhammedsaeed/anaconda3/envs/KB/bin/python crawler_batch_concurrency_topic.py --seed 'DAX 40 Index' --output-dir runs/TestDryRun/topic/granite8b/baseline/medium/DAX_40_Index/20251029_221411 --domain topic --elicitation-strategy baseline --ner-strategy calibrate --elicit-model-key granite8b --ner-model-key granite8b --max-depth 1 --max-facts-hint 100 --max-subjects 10 --ner-batch-size 50 --concurrency 10 --temperature 0.7 --top-p 0.95 --top-k 50 --max-tokens 2000,2025-10-29T22:14:11.066019,False,10
DRY_RUN,ancient city of Babylon,ancient_city_of_Babylon,topic,baseline,calibrate,granite8b,runs/TestDryRun/topic/granite8b/baseline/wild/ancient_city_of_Babylon/20251029_221411,wild,1,10,100,50,crawler_batch_concurrency_topic.py,/Users/muhammedsaeed/anaconda3/envs/KB/bin/python,/Users/muhammedsaeed/anaconda3/envs/KB/bin/python crawler_batch_concurrency_topic.py --seed 'ancient city of Babylon' --output-dir runs/TestDryRun/topic/granite8b/baseline/wild/ancient_city_of_Babylon/20251029_221411 --domain topic --elicitation-strategy baseline --ner-strategy calibrate --elicit-model-key granite8b --ner-model-key granite8b --max-depth 1 --max-facts-hint 100 --max-subjects 10 --ner-batch-size 50 --concurrency 10 --temperature 2.0 --top-p 1.0 --top-k 100 --max-tokens 2000,2025-10-29T22:14:11.066030,False,10
DRY_RUN,The Big Bang Theory,The_Big_Bang_Theory,topic,baseline,calibrate,granite8b,runs/TestDryRun/topic/granite8b/baseline/wild/The_Big_Bang_Theory/20251029_221411,wild,1,10,100,50,crawler_batch_concurrency_topic.py,/Users/muhammedsaeed/anaconda3/envs/KB/bin/python,/Users/muhammedsaeed/anaconda3/envs/KB/bin/python crawler_batch_concurrency_topic.py --seed 'The Big Bang Theory' --output-dir runs/TestDryRun/topic/granite8b/baseline/wild/The_Big_Bang_Theory/20251029_221411 --domain topic --elicitation-strategy baseline --ner-strategy calibrate --elicit-model-key granite8b --ner-model-key granite8b --max-depth 1 --max-facts-hint 100 --max-subjects 10 --ner-batch-size 50 --concurrency 10 --temperature 2.0 --top-p 1.0 --top-k 100 --max-tokens 2000,2025-10-29T22:14:11.066041,False,10
DRY_RUN,DAX 40 Index,DAX_40_Index,topic,baseline,calibrate,granite8b,runs/TestDryRun/topic/granite8b/baseline/wild/DAX_40_Index/20251029_221411,wild,1,10,100,50,crawler_batch_concurrency_topic.py,/Users/muhammedsaeed/anaconda3/envs/KB/bin/python,/Users/muhammedsaeed/anaconda3/envs/KB/bin/python crawler_batch_concurrency_topic.py --seed 'DAX 40 Index' --output-dir runs/TestDryRun/topic/granite8b/baseline/wild/DAX_40_Index/20251029_221411 --domain topic --elicitation-strategy baseline --ner-strategy calibrate --elicit-model-key granite8b --ner-model-key granite8b --max-depth 1 --max-facts-hint 100 --max-subjects 10 --ner-batch-size 50 --concurrency 10 --temperature 2.0 --top-p 1.0 --top-k 100 --max-tokens 2000,2025-10-29T22:14:11.066052,False,10
DRY_RUN,ancient city of Babylon,ancient_city_of_Babylon,topic,calibrate,calibrate,granite8b,runs/TestDryRun/topic/granite8b/calibrate/det/ancient_city_of_Babylon/20251029_221411,det,1,10,100,50,crawler_batch_concurrency_topic.py,/Users/muhammedsaeed/anaconda3/envs/KB/bin/python,/Users/muhammedsaeed/anaconda3/envs/KB/bin/python crawler_batch_concurrency_topic.py --seed 'ancient city of Babylon' --output-dir runs/TestDryRun/topic/granite8b/calibrate/det/ancient_city_of_Babylon/20251029_221411 --domain topic --elicitation-strategy calibrate --ner-strategy calibrate --elicit-model-key granite8b --ner-model-key granite8b --max-depth 1 --max-facts-hint 100 --max-subjects 10 --ner-batch-size 50 --concurrency 10 --temperature 0.0 --top-p 1.0 --max-tokens 2000,2025-10-29T22:14:11.066063,False,10
DRY_RUN,The Big Bang Theory,The_Big_Bang_Theory,topic,calibrate,calibrate,granite8b,runs/TestDryRun/topic/granite8b/calibrate/det/The_Big_Bang_Theory/20251029_221411,det,1,10,100,50,crawler_batch_concurrency_topic.py,/Users/muhammedsaeed/anaconda3/envs/KB/bin/python,/Users/muhammedsaeed/anaconda3/envs/KB/bin/python crawler_batch_concurrency_topic.py --seed 'The Big Bang Theory' --output-dir runs/TestDryRun/topic/granite8b/calibrate/det/The_Big_Bang_Theory/20251029_221411 --domain topic --elicitation-strategy calibrate --ner-strategy calibrate --elicit-model-key granite8b --ner-model-key granite8b --max-depth 1 --max-facts-hint 100 --max-subjects 10 --ner-batch-size 50 --concurrency 10 --temperature 0.0 --top-p 1.0 --max-tokens 2000,2025-10-29T22:14:11.066074,False,10
DRY_RUN,DAX 40 Index,DAX_40_Index,topic,calibrate,calibrate,granite8b,runs/TestDryRun/topic/granite8b/calibrate/det/DAX_40_Index/20251029_221411,det,1,10,100,50,crawler_batch_concurrency_topic.py,/Users/muhammedsaeed/anaconda3/envs/KB/bin/python,/Users/muhammedsaeed/anaconda3/envs/KB/bin/python crawler_batch_concurrency_topic.py --seed 'DAX 40 Index' --output-dir runs/TestDryRun/topic/granite8b/calibrate/det/DAX_40_Index/20251029_221411 --domain topic --elicitation-strategy calibrate --ner-strategy calibrate --elicit-model-key granite8b --ner-model-key granite8b --max-depth 1 --max-facts-hint 100 --max-subjects 10 --ner-batch-size 50 --concurrency 10 --temperature 0.0 --top-p 1.0 --max-tokens 2000,2025-10-29T22:14:11.066084,False,10
DRY_RUN,ancient city of Babylon,ancient_city_of_Babylon,topic,calibrate,calibrate,granite8b,runs/TestDryRun/topic/granite8b/calibrate/medium/ancient_city_of_Babylon/20251029_221411,medium,1,10,100,50,crawler_batch_concurrency_topic.py,/Users/muhammedsaeed/anaconda3/envs/KB/bin/python,/Users/muhammedsaeed/anaconda3/envs/KB/bin/python crawler_batch_concurrency_topic.py --seed 'ancient city of Babylon' --output-dir runs/TestDryRun/topic/granite8b/calibrate/medium/ancient_city_of_Babylon/20251029_221411 --domain topic --elicitation-strategy calibrate --ner-strategy calibrate --elicit-model-key granite8b --ner-model-key granite8b --max-depth 1 --max-facts-hint 100 --max-subjects 10 --ner-batch-size 50 --concurrency 10 --temperature 0.7 --top-p 0.95 --top-k 50 --max-tokens 2000,2025-10-29T22:14:11.066096,False,10
DRY_RUN,The Big Bang Theory,The_Big_Bang_Theory,topic,calibrate,calibrate,granite8b,runs/TestDryRun/topic/granite8b/calibrate/medium/The_Big_Bang_Theory/20251029_221411,medium,1,10,100,50,crawler_batch_concurrency_topic.py,/Users/muhammedsaeed/anaconda3/envs/KB/bin/python,/Users/muhammedsaeed/anaconda3/envs/KB/bin/python crawler_batch_concurrency_topic.py --seed 'The Big Bang Theory' --output-dir runs/TestDryRun/topic/granite8b/calibrate/medium/The_Big_Bang_Theory/20251029_221411 --domain topic --elicitation-strategy calibrate --ner-strategy calibrate --elicit-model-key granite8b --ner-model-key granite8b --max-depth 1 --max-facts-hint 100 --max-subjects 10 --ner-batch-size 50 --concurrency 10 --temperature 0.7 --top-p 0.95 --top-k 50 --max-tokens 2000,2025-10-29T22:14:11.066107,False,10
DRY_RUN,DAX 40 Index,DAX_40_Index,topic,calibrate,calibrate,granite8b,runs/TestDryRun/topic/granite8b/calibrate/medium/DAX_40_Index/20251029_221411,medium,1,10,100,50,crawler_batch_concurrency_topic.py,/Users/muhammedsaeed/anaconda3/envs/KB/bin/python,/Users/muhammedsaeed/anaconda3/envs/KB/bin/python crawler_batch_concurrency_topic.py --seed 'DAX 40 Index' --output-dir runs/TestDryRun/topic/granite8b/calibrate/medium/DAX_40_Index/20251029_221411 --domain topic --elicitation-strategy calibrate --ner-strategy calibrate --elicit-model-key granite8b --ner-model-key granite8b --max-depth 1 --max-facts-hint 100 --max-subjects 10 --ner-batch-size 50 --concurrency 10 --temperature 0.7 --top-p 0.95 --top-k 50 --max-tokens 2000,2025-10-29T22:14:11.066120,False,10
DRY_RUN,ancient city of Babylon,ancient_city_of_Babylon,topic,calibrate,calibrate,granite8b,runs/TestDryRun/topic/granite8b/calibrate/wild/ancient_city_of_Babylon/20251029_221411,wild,1,10,100,50,crawler_batch_concurrency_topic.py,/Users/muhammedsaeed/anaconda3/envs/KB/bin/python,/Users/muhammedsaeed/anaconda3/envs/KB/bin/python crawler_batch_concurrency_topic.py --seed 'ancient city of Babylon' --output-dir runs/TestDryRun/topic/granite8b/calibrate/wild/ancient_city_of_Babylon/20251029_221411 --domain topic --elicitation-strategy calibrate --ner-strategy calibrate --elicit-model-key granite8b --ner-model-key granite8b --max-depth 1 --max-facts-hint 100 --max-subjects 10 --ner-batch-size 50 --concurrency 10 --temperature 2.0 --top-p 1.0 --top-k 100 --max-tokens 2000,2025-10-29T22:14:11.066131,False,10
DRY_RUN,The Big Bang Theory,The_Big_Bang_Theory,topic,calibrate,calibrate,granite8b,runs/TestDryRun/topic/granite8b/calibrate/wild/The_Big_Bang_Theory/20251029_221411,wild,1,10,100,50,crawler_batch_concurrency_topic.py,/Users/muhammedsaeed/anaconda3/envs/KB/bin/python,/Users/muhammedsaeed/anaconda3/envs/KB/bin/python crawler_batch_concurrency_topic.py --seed 'The Big Bang Theory' --output-dir runs/TestDryRun/topic/granite8b/calibrate/wild/The_Big_Bang_Theory/20251029_221411 --domain topic --elicitation-strategy calibrate --ner-strategy calibrate --elicit-model-key granite8b --ner-model-key granite8b --max-depth 1 --max-facts-hint 100 --max-subjects 10 --ner-batch-size 50 --concurrency 10 --temperature 2.0 --top-p 1.0 --top-k 100 --max-tokens 2000,2025-10-29T22:14:11.066142,False,10
DRY_RUN,DAX 40 Index,DAX_40_Index,topic,calibrate,calibrate,granite8b,runs/TestDryRun/topic/granite8b/calibrate/wild/DAX_40_Index/20251029_221411,wild,1,10,100,50,crawler_batch_concurrency_topic.py,/Users/muhammedsaeed/anaconda3/envs/KB/bin/python,/Users/muhammedsaeed/anaconda3/envs/KB/bin/python crawler_batch_concurrency_topic.py --seed 'DAX 40 Index' --output-dir runs/TestDryRun/topic/granite8b/calibrate/wild/DAX_40_Index/20251029_221411 --domain topic --elicitation-strategy calibrate --ner-strategy calibrate --elicit-model-key granite8b --ner-model-key granite8b --max-depth 1 --max-facts-hint 100 --max-subjects 10 --ner-batch-size 50 --concurrency 10 --temperature 2.0 --top-p 1.0 --top-k 100 --max-tokens 2000,2025-10-29T22:14:11.066153,False,10
DRY_RUN,ancient city of Babylon,ancient_city_of_Babylon,topic,icl,calibrate,granite8b,runs/TestDryRun/topic/granite8b/icl/det/ancient_city_of_Babylon/20251029_221411,det,1,10,100,50,crawler_batch_concurrency_topic.py,/Users/muhammedsaeed/anaconda3/envs/KB/bin/python,/Users/muhammedsaeed/anaconda3/envs/KB/bin/python crawler_batch_concurrency_topic.py --seed 'ancient city of Babylon' --output-dir runs/TestDryRun/topic/granite8b/icl/det/ancient_city_of_Babylon/20251029_221411 --domain topic --elicitation-strategy icl --ner-strategy calibrate --elicit-model-key granite8b --ner-model-key granite8b --max-depth 1 --max-facts-hint 100 --max-subjects 10 --ner-batch-size 50 --concurrency 10 --temperature 0.0 --top-p 1.0 --max-tokens 2000,2025-10-29T22:14:11.066169,False,10
DRY_RUN,The Big Bang Theory,The_Big_Bang_Theory,topic,icl,calibrate,granite8b,runs/TestDryRun/topic/granite8b/icl/det/The_Big_Bang_Theory/20251029_221411,det,1,10,100,50,crawler_batch_concurrency_topic.py,/Users/muhammedsaeed/anaconda3/envs/KB/bin/python,/Users/muhammedsaeed/anaconda3/envs/KB/bin/python crawler_batch_concurrency_topic.py --seed 'The Big Bang Theory' --output-dir runs/TestDryRun/topic/granite8b/icl/det/The_Big_Bang_Theory/20251029_221411 --domain topic --elicitation-strategy icl --ner-strategy calibrate --elicit-model-key granite8b --ner-model-key granite8b --max-depth 1 --max-facts-hint 100 --max-subjects 10 --ner-batch-size 50 --concurrency 10 --temperature 0.0 --top-p 1.0 --max-tokens 2000,2025-10-29T22:14:11.066180,False,10
DRY_RUN,DAX 40 Index,DAX_40_Index,topic,icl,calibrate,granite8b,runs/TestDryRun/topic/granite8b/icl/det/DAX_40_Index/20251029_221411,det,1,10,100,50,crawler_batch_concurrency_topic.py,/Users/muhammedsaeed/anaconda3/envs/KB/bin/python,/Users/muhammedsaeed/anaconda3/envs/KB/bin/python crawler_batch_concurrency_topic.py --seed 'DAX 40 Index' --output-dir runs/TestDryRun/topic/granite8b/icl/det/DAX_40_Index/20251029_221411 --domain topic --elicitation-strategy icl --ner-strategy calibrate --elicit-model-key granite8b --ner-model-key granite8b --max-depth 1 --max-facts-hint 100 --max-subjects 10 --ner-batch-size 50 --concurrency 10 --temperature 0.0 --top-p 1.0 --max-tokens 2000,2025-10-29T22:14:11.066190,False,10
DRY_RUN,ancient city of Babylon,ancient_city_of_Babylon,topic,icl,calibrate,granite8b,runs/TestDryRun/topic/granite8b/icl/medium/ancient_city_of_Babylon/20251029_221411,medium,1,10,100,50,crawler_batch_concurrency_topic.py,/Users/muhammedsaeed/anaconda3/envs/KB/bin/python,/Users/muhammedsaeed/anaconda3/envs/KB/bin/python crawler_batch_concurrency_topic.py --seed 'ancient city of Babylon' --output-dir runs/TestDryRun/topic/granite8b/icl/medium/ancient_city_of_Babylon/20251029_221411 --domain topic --elicitation-strategy icl --ner-strategy calibrate --elicit-model-key granite8b --ner-model-key granite8b --max-depth 1 --max-facts-hint 100 --max-subjects 10 --ner-batch-size 50 --concurrency 10 --temperature 0.7 --top-p 0.95 --top-k 50 --max-tokens 2000,2025-10-29T22:14:11.066203,False,10
DRY_RUN,The Big Bang Theory,The_Big_Bang_Theory,topic,icl,calibrate,granite8b,runs/TestDryRun/topic/granite8b/icl/medium/The_Big_Bang_Theory/20251029_221411,medium,1,10,100,50,crawler_batch_concurrency_topic.py,/Users/muhammedsaeed/anaconda3/envs/KB/bin/python,/Users/muhammedsaeed/anaconda3/envs/KB/bin/python crawler_batch_concurrency_topic.py --seed 'The Big Bang Theory' --output-dir runs/TestDryRun/topic/granite8b/icl/medium/The_Big_Bang_Theory/20251029_221411 --domain topic --elicitation-strategy icl --ner-strategy calibrate --elicit-model-key granite8b --ner-model-key granite8b --max-depth 1 --max-facts-hint 100 --max-subjects 10 --ner-batch-size 50 --concurrency 10 --temperature 0.7 --top-p 0.95 --top-k 50 --max-tokens 2000,2025-10-29T22:14:11.066214,False,10
DRY_RUN,DAX 40 Index,DAX_40_Index,topic,icl,calibrate,granite8b,runs/TestDryRun/topic/granite8b/icl/medium/DAX_40_Index/20251029_221411,medium,1,10,100,50,crawler_batch_concurrency_topic.py,/Users/muhammedsaeed/anaconda3/envs/KB/bin/python,/Users/muhammedsaeed/anaconda3/envs/KB/bin/python crawler_batch_concurrency_topic.py --seed 'DAX 40 Index' --output-dir runs/TestDryRun/topic/granite8b/icl/medium/DAX_40_Index/20251029_221411 --domain topic --elicitation-strategy icl --ner-strategy calibrate --elicit-model-key granite8b --ner-model-key granite8b --max-depth 1 --max-facts-hint 100 --max-subjects 10 --ner-batch-size 50 --concurrency 10 --temperature 0.7 --top-p 0.95 --top-k 50 --max-tokens 2000,2025-10-29T22:14:11.066225,False,10
DRY_RUN,ancient city of Babylon,ancient_city_of_Babylon,topic,icl,calibrate,granite8b,runs/TestDryRun/topic/granite8b/icl/wild/ancient_city_of_Babylon/20251029_221411,wild,1,10,100,50,crawler_batch_concurrency_topic.py,/Users/muhammedsaeed/anaconda3/envs/KB/bin/python,/Users/muhammedsaeed/anaconda3/envs/KB/bin/python crawler_batch_concurrency_topic.py --seed 'ancient city of Babylon' --output-dir runs/TestDryRun/topic/granite8b/icl/wild/ancient_city_of_Babylon/20251029_221411 --domain topic --elicitation-strategy icl --ner-strategy calibrate --elicit-model-key granite8b --ner-model-key granite8b --max-depth 1 --max-facts-hint 100 --max-subjects 10 --ner-batch-size 50 --concurrency 10 --temperature 2.0 --top-p 1.0 --top-k 100 --max-tokens 2000,2025-10-29T22:14:11.066236,False,10
DRY_RUN,The Big Bang Theory,The_Big_Bang_Theory,topic,icl,calibrate,granite8b,runs/TestDryRun/topic/granite8b/icl/wild/The_Big_Bang_Theory/20251029_221411,wild,1,10,100,50,crawler_batch_concurrency_topic.py,/Users/muhammedsaeed/anaconda3/envs/KB/bin/python,/Users/muhammedsaeed/anaconda3/envs/KB/bin/python crawler_batch_concurrency_topic.py --seed 'The Big Bang Theory' --output-dir runs/TestDryRun/topic/granite8b/icl/wild/The_Big_Bang_Theory/20251029_221411 --domain topic --elicitation-strategy icl --ner-strategy calibrate --elicit-model-key granite8b --ner-model-key granite8b --max-depth 1 --max-facts-hint 100 --max-subjects 10 --ner-batch-size 50 --concurrency 10 --temperature 2.0 --top-p 1.0 --top-k 100 --max-tokens 2000,2025-10-29T22:14:11.066247,False,10
DRY_RUN,DAX 40 Index,DAX_40_Index,topic,icl,calibrate,granite8b,runs/TestDryRun/topic/granite8b/icl/wild/DAX_40_Index/20251029_221411,wild,1,10,100,50,crawler_batch_concurrency_topic.py,/Users/muhammedsaeed/anaconda3/envs/KB/bin/python,/Users/muhammedsaeed/anaconda3/envs/KB/bin/python crawler_batch_concurrency_topic.py --seed 'DAX 40 Index' --output-dir runs/TestDryRun/topic/granite8b/icl/wild/DAX_40_Index/20251029_221411 --domain topic --elicitation-strategy icl --ner-strategy calibrate --elicit-model-key granite8b --ner-model-key granite8b --max-depth 1 --max-facts-hint 100 --max-subjects 10 --ner-batch-size 50 --concurrency 10 --temperature 2.0 --top-p 1.0 --top-k 100 --max-tokens 2000,2025-10-29T22:14:11.066258,False,10
DRY_RUN,ancient city of Babylon,ancient_city_of_Babylon,topic,dont_know,calibrate,granite8b,runs/TestDryRun/topic/granite8b/dont_know/det/ancient_city_of_Babylon/20251029_221411,det,1,10,100,50,crawler_batch_concurrency_topic.py,/Users/muhammedsaeed/anaconda3/envs/KB/bin/python,/Users/muhammedsaeed/anaconda3/envs/KB/bin/python crawler_batch_concurrency_topic.py --seed 'ancient city of Babylon' --output-dir runs/TestDryRun/topic/granite8b/dont_know/det/ancient_city_of_Babylon/20251029_221411 --domain topic --elicitation-strategy dont_know --ner-strategy calibrate --elicit-model-key granite8b --ner-model-key granite8b --max-depth 1 --max-facts-hint 100 --max-subjects 10 --ner-batch-size 50 --concurrency 10 --temperature 0.0 --top-p 1.0 --max-tokens 2000,2025-10-29T22:14:11.066269,False,10
DRY_RUN,The Big Bang Theory,The_Big_Bang_Theory,topic,dont_know,calibrate,granite8b,runs/TestDryRun/topic/granite8b/dont_know/det/The_Big_Bang_Theory/20251029_221411,det,1,10,100,50,crawler_batch_concurrency_topic.py,/Users/muhammedsaeed/anaconda3/envs/KB/bin/python,/Users/muhammedsaeed/anaconda3/envs/KB/bin/python crawler_batch_concurrency_topic.py --seed 'The Big Bang Theory' --output-dir runs/TestDryRun/topic/granite8b/dont_know/det/The_Big_Bang_Theory/20251029_221411 --domain topic --elicitation-strategy dont_know --ner-strategy calibrate --elicit-model-key granite8b --ner-model-key granite8b --max-depth 1 --max-facts-hint 100 --max-subjects 10 --ner-batch-size 50 --concurrency 10 --temperature 0.0 --top-p 1.0 --max-tokens 2000,2025-10-29T22:14:11.066325,False,10
DRY_RUN,DAX 40 Index,DAX_40_Index,topic,dont_know,calibrate,granite8b,runs/TestDryRun/topic/granite8b/dont_know/det/DAX_40_Index/20251029_221411,det,1,10,100,50,crawler_batch_concurrency_topic.py,/Users/muhammedsaeed/anaconda3/envs/KB/bin/python,/Users/muhammedsaeed/anaconda3/envs/KB/bin/python crawler_batch_concurrency_topic.py --seed 'DAX 40 Index' --output-dir runs/TestDryRun/topic/granite8b/dont_know/det/DAX_40_Index/20251029_221411 --domain topic --elicitation-strategy dont_know --ner-strategy calibrate --elicit-model-key granite8b --ner-model-key granite8b --max-depth 1 --max-facts-hint 100 --max-subjects 10 --ner-batch-size 50 --concurrency 10 --temperature 0.0 --top-p 1.0 --max-tokens 2000,2025-10-29T22:14:11.066338,False,10
DRY_RUN,ancient city of Babylon,ancient_city_of_Babylon,topic,dont_know,calibrate,granite8b,runs/TestDryRun/topic/granite8b/dont_know/medium/ancient_city_of_Babylon/20251029_221411,medium,1,10,100,50,crawler_batch_concurrency_topic.py,/Users/muhammedsaeed/anaconda3/envs/KB/bin/python,/Users/muhammedsaeed/anaconda3/envs/KB/bin/python crawler_batch_concurrency_topic.py --seed 'ancient city of Babylon' --output-dir runs/TestDryRun/topic/granite8b/dont_know/medium/ancient_city_of_Babylon/20251029_221411 --domain topic --elicitation-strategy dont_know --ner-strategy calibrate --elicit-model-key granite8b --ner-model-key granite8b --max-depth 1 --max-facts-hint 100 --max-subjects 10 --ner-batch-size 50 --concurrency 10 --temperature 0.7 --top-p 0.95 --top-k 50 --max-tokens 2000,2025-10-29T22:14:11.066350,False,10
DRY_RUN,The Big Bang Theory,The_Big_Bang_Theory,topic,dont_know,calibrate,granite8b,runs/TestDryRun/topic/granite8b/dont_know/medium/The_Big_Bang_Theory/20251029_221411,medium,1,10,100,50,crawler_batch_concurrency_topic.py,/Users/muhammedsaeed/anaconda3/envs/KB/bin/python,/Users/muhammedsaeed/anaconda3/envs/KB/bin/python crawler_batch_concurrency_topic.py --seed 'The Big Bang Theory' --output-dir runs/TestDryRun/topic/granite8b/dont_know/medium/The_Big_Bang_Theory/20251029_221411 --domain topic --elicitation-strategy dont_know --ner-strategy calibrate --elicit-model-key granite8b --ner-model-key granite8b --max-depth 1 --max-facts-hint 100 --max-subjects 10 --ner-batch-size 50 --concurrency 10 --temperature 0.7 --top-p 0.95 --top-k 50 --max-tokens 2000,2025-10-29T22:14:11.066361,False,10
DRY_RUN,DAX 40 Index,DAX_40_Index,topic,dont_know,calibrate,granite8b,runs/TestDryRun/topic/granite8b/dont_know/medium/DAX_40_Index/20251029_221411,medium,1,10,100,50,crawler_batch_concurrency_topic.py,/Users/muhammedsaeed/anaconda3/envs/KB/bin/python,/Users/muhammedsaeed/anaconda3/envs/KB/bin/python crawler_batch_concurrency_topic.py --seed 'DAX 40 Index' --output-dir runs/TestDryRun/topic/granite8b/dont_know/medium/DAX_40_Index/20251029_221411 --domain topic --elicitation-strategy dont_know --ner-strategy calibrate --elicit-model-key granite8b --ner-model-key granite8b --max-depth 1 --max-facts-hint 100 --max-subjects 10 --ner-batch-size 50 --concurrency 10 --temperature 0.7 --top-p 0.95 --top-k 50 --max-tokens 2000,2025-10-29T22:14:11.066373,False,10
DRY_RUN,ancient city of Babylon,ancient_city_of_Babylon,topic,dont_know,calibrate,granite8b,runs/TestDryRun/topic/granite8b/dont_know/wild/ancient_city_of_Babylon/20251029_221411,wild,1,10,100,50,crawler_batch_concurrency_topic.py,/Users/muhammedsaeed/anaconda3/envs/KB/bin/python,/Users/muhammedsaeed/anaconda3/envs/KB/bin/python crawler_batch_concurrency_topic.py --seed 'ancient city of Babylon' --output-dir runs/TestDryRun/topic/granite8b/dont_know/wild/ancient_city_of_Babylon/20251029_221411 --domain topic --elicitation-strategy dont_know --ner-strategy calibrate --elicit-model-key granite8b --ner-model-key granite8b --max-depth 1 --max-facts-hint 100 --max-subjects 10 --ner-batch-size 50 --concurrency 10 --temperature 2.0 --top-p 1.0 --top-k 100 --max-tokens 2000,2025-10-29T22:14:11.066384,False,10
DRY_RUN,The Big Bang Theory,The_Big_Bang_Theory,topic,dont_know,calibrate,granite8b,runs/TestDryRun/topic/granite8b/dont_know/wild/The_Big_Bang_Theory/20251029_221411,wild,1,10,100,50,crawler_batch_concurrency_topic.py,/Users/muhammedsaeed/anaconda3/envs/KB/bin/python,/Users/muhammedsaeed/anaconda3/envs/KB/bin/python crawler_batch_concurrency_topic.py --seed 'The Big Bang Theory' --output-dir runs/TestDryRun/topic/granite8b/dont_know/wild/The_Big_Bang_Theory/20251029_221411 --domain topic --elicitation-strategy dont_know --ner-strategy calibrate --elicit-model-key granite8b --ner-model-key granite8b --max-depth 1 --max-facts-hint 100 --max-subjects 10 --ner-batch-size 50 --concurrency 10 --temperature 2.0 --top-p 1.0 --top-k 100 --max-tokens 2000,2025-10-29T22:14:11.066395,False,10
DRY_RUN,DAX 40 Index,DAX_40_Index,topic,dont_know,calibrate,granite8b,runs/TestDryRun/topic/granite8b/dont_know/wild/DAX_40_Index/20251029_221411,wild,1,10,100,50,crawler_batch_concurrency_topic.py,/Users/muhammedsaeed/anaconda3/envs/KB/bin/python,/Users/muhammedsaeed/anaconda3/envs/KB/bin/python crawler_batch_concurrency_topic.py --seed 'DAX 40 Index' --output-dir runs/TestDryRun/topic/granite8b/dont_know/wild/DAX_40_Index/20251029_221411 --domain topic --elicitation-strategy dont_know --ner-strategy calibrate --elicit-model-key granite8b --ner-model-key granite8b --max-depth 1 --max-facts-hint 100 --max-subjects 10 --ner-batch-size 50 --concurrency 10 --temperature 2.0 --top-p 1.0 --top-k 100 --max-tokens 2000,2025-10-29T22:14:11.066406,False,10
DRY_RUN,ancient city of Babylon,ancient_city_of_Babylon,topic,baseline,calibrate,gpt4o-mini,runs/TestDryRun/topic/gpt4o-mini/baseline/det/ancient_city_of_Babylon/20251029_221411,det,1,10,100,50,crawler_batch_concurrency_topic.py,/Users/muhammedsaeed/anaconda3/envs/KB/bin/python,/Users/muhammedsaeed/anaconda3/envs/KB/bin/python crawler_batch_concurrency_topic.py --seed 'ancient city of Babylon' --output-dir runs/TestDryRun/topic/gpt4o-mini/baseline/det/ancient_city_of_Babylon/20251029_221411 --domain topic --elicitation-strategy baseline --ner-strategy calibrate --elicit-model-key gpt4o-mini --ner-model-key gpt4o-mini --max-depth 1 --max-facts-hint 100 --max-subjects 10 --ner-batch-size 50 --openai-batch --openai-batch-size 10 --temperature 0.0 --top-p 1.0 --max-tokens 2000,2025-10-29T22:14:11.066418,True,
DRY_RUN,The Big Bang Theory,The_Big_Bang_Theory,topic,baseline,calibrate,gpt4o-mini,runs/TestDryRun/topic/gpt4o-mini/baseline/det/The_Big_Bang_Theory/20251029_221411,det,1,10,100,50,crawler_batch_concurrency_topic.py,/Users/muhammedsaeed/anaconda3/envs/KB/bin/python,/Users/muhammedsaeed/anaconda3/envs/KB/bin/python crawler_batch_concurrency_topic.py --seed 'The Big Bang Theory' --output-dir runs/TestDryRun/topic/gpt4o-mini/baseline/det/The_Big_Bang_Theory/20251029_221411 --domain topic --elicitation-strategy baseline --ner-strategy calibrate --elicit-model-key gpt4o-mini --ner-model-key gpt4o-mini --max-depth 1 --max-facts-hint 100 --max-subjects 10 --ner-batch-size 50 --openai-batch --openai-batch-size 10 --temperature 0.0 --top-p 1.0 --max-tokens 2000,2025-10-29T22:14:11.066429,True,
DRY_RUN,DAX 40 Index,DAX_40_Index,topic,baseline,calibrate,gpt4o-mini,runs/TestDryRun/topic/gpt4o-mini/baseline/det/DAX_40_Index/20251029_221411,det,1,10,100,50,crawler_batch_concurrency_topic.py,/Users/muhammedsaeed/anaconda3/envs/KB/bin/python,/Users/muhammedsaeed/anaconda3/envs/KB/bin/python crawler_batch_concurrency_topic.py --seed 'DAX 40 Index' --output-dir runs/TestDryRun/topic/gpt4o-mini/baseline/det/DAX_40_Index/20251029_221411 --domain topic --elicitation-strategy baseline --ner-strategy calibrate --elicit-model-key gpt4o-mini --ner-model-key gpt4o-mini --max-depth 1 --max-facts-hint 100 --max-subjects 10 --ner-batch-size 50 --openai-batch --openai-batch-size 10 --temperature 0.0 --top-p 1.0 --max-tokens 2000,2025-10-29T22:14:11.066440,True,
DRY_RUN,ancient city of Babylon,ancient_city_of_Babylon,topic,baseline,calibrate,gpt4o-mini,runs/TestDryRun/topic/gpt4o-mini/baseline/medium/ancient_city_of_Babylon/20251029_221411,medium,1,10,100,50,crawler_batch_concurrency_topic.py,/Users/muhammedsaeed/anaconda3/envs/KB/bin/python,/Users/muhammedsaeed/anaconda3/envs/KB/bin/python crawler_batch_concurrency_topic.py --seed 'ancient city of Babylon' --output-dir runs/TestDryRun/topic/gpt4o-mini/baseline/medium/ancient_city_of_Babylon/20251029_221411 --domain topic --elicitation-strategy baseline --ner-strategy calibrate --elicit-model-key gpt4o-mini --ner-model-key gpt4o-mini --max-depth 1 --max-facts-hint 100 --max-subjects 10 --ner-batch-size 50 --openai-batch --openai-batch-size 10 --temperature 0.7 --top-p 0.95 --top-k 50 --max-tokens 2000,2025-10-29T22:14:11.066452,True,
DRY_RUN,The Big Bang Theory,The_Big_Bang_Theory,topic,baseline,calibrate,gpt4o-mini,runs/TestDryRun/topic/gpt4o-mini/baseline/medium/The_Big_Bang_Theory/20251029_221411,medium,1,10,100,50,crawler_batch_concurrency_topic.py,/Users/muhammedsaeed/anaconda3/envs/KB/bin/python,/Users/muhammedsaeed/anaconda3/envs/KB/bin/python crawler_batch_concurrency_topic.py --seed 'The Big Bang Theory' --output-dir runs/TestDryRun/topic/gpt4o-mini/baseline/medium/The_Big_Bang_Theory/20251029_221411 --domain topic --elicitation-strategy baseline --ner-strategy calibrate --elicit-model-key gpt4o-mini --ner-model-key gpt4o-mini --max-depth 1 --max-facts-hint 100 --max-subjects 10 --ner-batch-size 50 --openai-batch --openai-batch-size 10 --temperature 0.7 --top-p 0.95 --top-k 50 --max-tokens 2000,2025-10-29T22:14:11.066465,True,
DRY_RUN,DAX 40 Index,DAX_40_Index,topic,baseline,calibrate,gpt4o-mini,runs/TestDryRun/topic/gpt4o-mini/baseline/medium/DAX_40_Index/20251029_221411,medium,1,10,100,50,crawler_batch_concurrency_topic.py,/Users/muhammedsaeed/anaconda3/envs/KB/bin/python,/Users/muhammedsaeed/anaconda3/envs/KB/bin/python crawler_batch_concurrency_topic.py --seed 'DAX 40 Index' --output-dir runs/TestDryRun/topic/gpt4o-mini/baseline/medium/DAX_40_Index/20251029_221411 --domain topic --elicitation-strategy baseline --ner-strategy calibrate --elicit-model-key gpt4o-mini --ner-model-key gpt4o-mini --max-depth 1 --max-facts-hint 100 --max-subjects 10 --ner-batch-size 50 --openai-batch --openai-batch-size 10 --temperature 0.7 --top-p 0.95 --top-k 50 --max-tokens 2000,2025-10-29T22:14:11.066476,True,
DRY_RUN,ancient city of Babylon,ancient_city_of_Babylon,topic,baseline,calibrate,gpt4o-mini,runs/TestDryRun/topic/gpt4o-mini/baseline/wild/ancient_city_of_Babylon/20251029_221411,wild,1,10,100,50,crawler_batch_concurrency_topic.py,/Users/muhammedsaeed/anaconda3/envs/KB/bin/python,/Users/muhammedsaeed/anaconda3/envs/KB/bin/python crawler_batch_concurrency_topic.py --seed 'ancient city of Babylon' --output-dir runs/TestDryRun/topic/gpt4o-mini/baseline/wild/ancient_city_of_Babylon/20251029_221411 --domain topic --elicitation-strategy baseline --ner-strategy calibrate --elicit-model-key gpt4o-mini --ner-model-key gpt4o-mini --max-depth 1 --max-facts-hint 100 --max-subjects 10 --ner-batch-size 50 --openai-batch --openai-batch-size 10 --temperature 2.0 --top-p 1.0 --top-k 100 --max-tokens 2000,2025-10-29T22:14:11.066488,True,
DRY_RUN,The Big Bang Theory,The_Big_Bang_Theory,topic,baseline,calibrate,gpt4o-mini,runs/TestDryRun/topic/gpt4o-mini/baseline/wild/The_Big_Bang_Theory/20251029_221411,wild,1,10,100,50,crawler_batch_concurrency_topic.py,/Users/muhammedsaeed/anaconda3/envs/KB/bin/python,/Users/muhammedsaeed/anaconda3/envs/KB/bin/python crawler_batch_concurrency_topic.py --seed 'The Big Bang Theory' --output-dir runs/TestDryRun/topic/gpt4o-mini/baseline/wild/The_Big_Bang_Theory/20251029_221411 --domain topic --elicitation-strategy baseline --ner-strategy calibrate --elicit-model-key gpt4o-mini --ner-model-key gpt4o-mini --max-depth 1 --max-facts-hint 100 --max-subjects 10 --ner-batch-size 50 --openai-batch --openai-batch-size 10 --temperature 2.0 --top-p 1.0 --top-k 100 --max-tokens 2000,2025-10-29T22:14:11.066499,True,
DRY_RUN,DAX 40 Index,DAX_40_Index,topic,baseline,calibrate,gpt4o-mini,runs/TestDryRun/topic/gpt4o-mini/baseline/wild/DAX_40_Index/20251029_221411,wild,1,10,100,50,crawler_batch_concurrency_topic.py,/Users/muhammedsaeed/anaconda3/envs/KB/bin/python,/Users/muhammedsaeed/anaconda3/envs/KB/bin/python crawler_batch_concurrency_topic.py --seed 'DAX 40 Index' --output-dir runs/TestDryRun/topic/gpt4o-mini/baseline/wild/DAX_40_Index/20251029_221411 --domain topic --elicitation-strategy baseline --ner-strategy calibrate --elicit-model-key gpt4o-mini --ner-model-key gpt4o-mini --max-depth 1 --max-facts-hint 100 --max-subjects 10 --ner-batch-size 50 --openai-batch --openai-batch-size 10 --temperature 2.0 --top-p 1.0 --top-k 100 --max-tokens 2000,2025-10-29T22:14:11.066510,True,
DRY_RUN,ancient city of Babylon,ancient_city_of_Babylon,topic,calibrate,calibrate,gpt4o-mini,runs/TestDryRun/topic/gpt4o-mini/calibrate/det/ancient_city_of_Babylon/20251029_221411,det,1,10,100,50,crawler_batch_concurrency_topic.py,/Users/muhammedsaeed/anaconda3/envs/KB/bin/python,/Users/muhammedsaeed/anaconda3/envs/KB/bin/python crawler_batch_concurrency_topic.py --seed 'ancient city of Babylon' --output-dir runs/TestDryRun/topic/gpt4o-mini/calibrate/det/ancient_city_of_Babylon/20251029_221411 --domain topic --elicitation-strategy calibrate --ner-strategy calibrate --elicit-model-key gpt4o-mini --ner-model-key gpt4o-mini --max-depth 1 --max-facts-hint 100 --max-subjects 10 --ner-batch-size 50 --openai-batch --openai-batch-size 10 --temperature 0.0 --top-p 1.0 --max-tokens 2000,2025-10-29T22:14:11.066521,True,
DRY_RUN,The Big Bang Theory,The_Big_Bang_Theory,topic,calibrate,calibrate,gpt4o-mini,runs/TestDryRun/topic/gpt4o-mini/calibrate/det/The_Big_Bang_Theory/20251029_221411,det,1,10,100,50,crawler_batch_concurrency_topic.py,/Users/muhammedsaeed/anaconda3/envs/KB/bin/python,/Users/muhammedsaeed/anaconda3/envs/KB/bin/python crawler_batch_concurrency_topic.py --seed 'The Big Bang Theory' --output-dir runs/TestDryRun/topic/gpt4o-mini/calibrate/det/The_Big_Bang_Theory/20251029_221411 --domain topic --elicitation-strategy calibrate --ner-strategy calibrate --elicit-model-key gpt4o-mini --ner-model-key gpt4o-mini --max-depth 1 --max-facts-hint 100 --max-subjects 10 --ner-batch-size 50 --openai-batch --openai-batch-size 10 --temperature 0.0 --top-p 1.0 --max-tokens 2000,2025-10-29T22:14:11.066532,True,
DRY_RUN,DAX 40 Index,DAX_40_Index,topic,calibrate,calibrate,gpt4o-mini,runs/TestDryRun/topic/gpt4o-mini/calibrate/det/DAX_40_Index/20251029_221411,det,1,10,100,50,crawler_batch_concurrency_topic.py,/Users/muhammedsaeed/anaconda3/envs/KB/bin/python,/Users/muhammedsaeed/anaconda3/envs/KB/bin/python crawler_batch_concurrency_topic.py --seed 'DAX 40 Index' --output-dir runs/TestDryRun/topic/gpt4o-mini/calibrate/det/DAX_40_Index/20251029_221411 --domain topic --elicitation-strategy calibrate --ner-strategy calibrate --elicit-model-key gpt4o-mini --ner-model-key gpt4o-mini --max-depth 1 --max-facts-hint 100 --max-subjects 10 --ner-batch-size 50 --openai-batch --openai-batch-size 10 --temperature 0.0 --top-p 1.0 --max-tokens 2000,2025-10-29T22:14:11.066544,True,
DRY_RUN,ancient city of Babylon,ancient_city_of_Babylon,topic,calibrate,calibrate,gpt4o-mini,runs/TestDryRun/topic/gpt4o-mini/calibrate/medium/ancient_city_of_Babylon/20251029_221411,medium,1,10,100,50,crawler_batch_concurrency_topic.py,/Users/muhammedsaeed/anaconda3/envs/KB/bin/python,/Users/muhammedsaeed/anaconda3/envs/KB/bin/python crawler_batch_concurrency_topic.py --seed 'ancient city of Babylon' --output-dir runs/TestDryRun/topic/gpt4o-mini/calibrate/medium/ancient_city_of_Babylon/20251029_221411 --domain topic --elicitation-strategy calibrate --ner-strategy calibrate --elicit-model-key gpt4o-mini --ner-model-key gpt4o-mini --max-depth 1 --max-facts-hint 100 --max-subjects 10 --ner-batch-size 50 --openai-batch --openai-batch-size 10 --temperature 0.7 --top-p 0.95 --top-k 50 --max-tokens 2000,2025-10-29T22:14:11.066556,True,
DRY_RUN,The Big Bang Theory,The_Big_Bang_Theory,topic,calibrate,calibrate,gpt4o-mini,runs/TestDryRun/topic/gpt4o-mini/calibrate/medium/The_Big_Bang_Theory/20251029_221411,medium,1,10,100,50,crawler_batch_concurrency_topic.py,/Users/muhammedsaeed/anaconda3/envs/KB/bin/python,/Users/muhammedsaeed/anaconda3/envs/KB/bin/python crawler_batch_concurrency_topic.py --seed 'The Big Bang Theory' --output-dir runs/TestDryRun/topic/gpt4o-mini/calibrate/medium/The_Big_Bang_Theory/20251029_221411 --domain topic --elicitation-strategy calibrate --ner-strategy calibrate --elicit-model-key gpt4o-mini --ner-model-key gpt4o-mini --max-depth 1 --max-facts-hint 100 --max-subjects 10 --ner-batch-size 50 --openai-batch --openai-batch-size 10 --temperature 0.7 --top-p 0.95 --top-k 50 --max-tokens 2000,2025-10-29T22:14:11.066571,True,
DRY_RUN,DAX 40 Index,DAX_40_Index,topic,calibrate,calibrate,gpt4o-mini,runs/TestDryRun/topic/gpt4o-mini/calibrate/medium/DAX_40_Index/20251029_221411,medium,1,10,100,50,crawler_batch_concurrency_topic.py,/Users/muhammedsaeed/anaconda3/envs/KB/bin/python,/Users/muhammedsaeed/anaconda3/envs/KB/bin/python crawler_batch_concurrency_topic.py --seed 'DAX 40 Index' --output-dir runs/TestDryRun/topic/gpt4o-mini/calibrate/medium/DAX_40_Index/20251029_221411 --domain topic --elicitation-strategy calibrate --ner-strategy calibrate --elicit-model-key gpt4o-mini --ner-model-key gpt4o-mini --max-depth 1 --max-facts-hint 100 --max-subjects 10 --ner-batch-size 50 --openai-batch --openai-batch-size 10 --temperature 0.7 --top-p 0.95 --top-k 50 --max-tokens 2000,2025-10-29T22:14:11.066583,True,
DRY_RUN,ancient city of Babylon,ancient_city_of_Babylon,topic,calibrate,calibrate,gpt4o-mini,runs/TestDryRun/topic/gpt4o-mini/calibrate/wild/ancient_city_of_Babylon/20251029_221411,wild,1,10,100,50,crawler_batch_concurrency_topic.py,/Users/muhammedsaeed/anaconda3/envs/KB/bin/python,/Users/muhammedsaeed/anaconda3/envs/KB/bin/python crawler_batch_concurrency_topic.py --seed 'ancient city of Babylon' --output-dir runs/TestDryRun/topic/gpt4o-mini/calibrate/wild/ancient_city_of_Babylon/20251029_221411 --domain topic --elicitation-strategy calibrate --ner-strategy calibrate --elicit-model-key gpt4o-mini --ner-model-key gpt4o-mini --max-depth 1 --max-facts-hint 100 --max-subjects 10 --ner-batch-size 50 --openai-batch --openai-batch-size 10 --temperature 2.0 --top-p 1.0 --top-k 100 --max-tokens 2000,2025-10-29T22:14:11.066596,True,
DRY_RUN,The Big Bang Theory,The_Big_Bang_Theory,topic,calibrate,calibrate,gpt4o-mini,runs/TestDryRun/topic/gpt4o-mini/calibrate/wild/The_Big_Bang_Theory/20251029_221411,wild,1,10,100,50,crawler_batch_concurrency_topic.py,/Users/muhammedsaeed/anaconda3/envs/KB/bin/python,/Users/muhammedsaeed/anaconda3/envs/KB/bin/python crawler_batch_concurrency_topic.py --seed 'The Big Bang Theory' --output-dir runs/TestDryRun/topic/gpt4o-mini/calibrate/wild/The_Big_Bang_Theory/20251029_221411 --domain topic --elicitation-strategy calibrate --ner-strategy calibrate --elicit-model-key gpt4o-mini --ner-model-key gpt4o-mini --max-depth 1 --max-facts-hint 100 --max-subjects 10 --ner-batch-size 50 --openai-batch --openai-batch-size 10 --temperature 2.0 --top-p 1.0 --top-k 100 --max-tokens 2000,2025-10-29T22:14:11.066608,True,
DRY_RUN,DAX 40 Index,DAX_40_Index,topic,calibrate,calibrate,gpt4o-mini,runs/TestDryRun/topic/gpt4o-mini/calibrate/wild/DAX_40_Index/20251029_221411,wild,1,10,100,50,crawler_batch_concurrency_topic.py,/Users/muhammedsaeed/anaconda3/envs/KB/bin/python,/Users/muhammedsaeed/anaconda3/envs/KB/bin/python crawler_batch_concurrency_topic.py --seed 'DAX 40 Index' --output-dir runs/TestDryRun/topic/gpt4o-mini/calibrate/wild/DAX_40_Index/20251029_221411 --domain topic --elicitation-strategy calibrate --ner-strategy calibrate --elicit-model-key gpt4o-mini --ner-model-key gpt4o-mini --max-depth 1 --max-facts-hint 100 --max-subjects 10 --ner-batch-size 50 --openai-batch --openai-batch-size 10 --temperature 2.0 --top-p 1.0 --top-k 100 --max-tokens 2000,2025-10-29T22:14:11.066619,True,
DRY_RUN,ancient city of Babylon,ancient_city_of_Babylon,topic,icl,calibrate,gpt4o-mini,runs/TestDryRun/topic/gpt4o-mini/icl/det/ancient_city_of_Babylon/20251029_221411,det,1,10,100,50,crawler_batch_concurrency_topic.py,/Users/muhammedsaeed/anaconda3/envs/KB/bin/python,/Users/muhammedsaeed/anaconda3/envs/KB/bin/python crawler_batch_concurrency_topic.py --seed 'ancient city of Babylon' --output-dir runs/TestDryRun/topic/gpt4o-mini/icl/det/ancient_city_of_Babylon/20251029_221411 --domain topic --elicitation-strategy icl --ner-strategy calibrate --elicit-model-key gpt4o-mini --ner-model-key gpt4o-mini --max-depth 1 --max-facts-hint 100 --max-subjects 10 --ner-batch-size 50 --openai-batch --openai-batch-size 10 --temperature 0.0 --top-p 1.0 --max-tokens 2000,2025-10-29T22:14:11.066632,True,
DRY_RUN,The Big Bang Theory,The_Big_Bang_Theory,topic,icl,calibrate,gpt4o-mini,runs/TestDryRun/topic/gpt4o-mini/icl/det/The_Big_Bang_Theory/20251029_221411,det,1,10,100,50,crawler_batch_concurrency_topic.py,/Users/muhammedsaeed/anaconda3/envs/KB/bin/python,/Users/muhammedsaeed/anaconda3/envs/KB/bin/python crawler_batch_concurrency_topic.py --seed 'The Big Bang Theory' --output-dir runs/TestDryRun/topic/gpt4o-mini/icl/det/The_Big_Bang_Theory/20251029_221411 --domain topic --elicitation-strategy icl --ner-strategy calibrate --elicit-model-key gpt4o-mini --ner-model-key gpt4o-mini --max-depth 1 --max-facts-hint 100 --max-subjects 10 --ner-batch-size 50 --openai-batch --openai-batch-size 10 --temperature 0.0 --top-p 1.0 --max-tokens 2000,2025-10-29T22:14:11.066643,True,
DRY_RUN,DAX 40 Index,DAX_40_Index,topic,icl,calibrate,gpt4o-mini,runs/TestDryRun/topic/gpt4o-mini/icl/det/DAX_40_Index/20251029_221411,det,1,10,100,50,crawler_batch_concurrency_topic.py,/Users/muhammedsaeed/anaconda3/envs/KB/bin/python,/Users/muhammedsaeed/anaconda3/envs/KB/bin/python crawler_batch_concurrency_topic.py --seed 'DAX 40 Index' --output-dir runs/TestDryRun/topic/gpt4o-mini/icl/det/DAX_40_Index/20251029_221411 --domain topic --elicitation-strategy icl --ner-strategy calibrate --elicit-model-key gpt4o-mini --ner-model-key gpt4o-mini --max-depth 1 --max-facts-hint 100 --max-subjects 10 --ner-batch-size 50 --openai-batch --openai-batch-size 10 --temperature 0.0 --top-p 1.0 --max-tokens 2000,2025-10-29T22:14:11.066654,True,
DRY_RUN,ancient city of Babylon,ancient_city_of_Babylon,topic,icl,calibrate,gpt4o-mini,runs/TestDryRun/topic/gpt4o-mini/icl/medium/ancient_city_of_Babylon/20251029_221411,medium,1,10,100,50,crawler_batch_concurrency_topic.py,/Users/muhammedsaeed/anaconda3/envs/KB/bin/python,/Users/muhammedsaeed/anaconda3/envs/KB/bin/python crawler_batch_concurrency_topic.py --seed 'ancient city of Babylon' --output-dir runs/TestDryRun/topic/gpt4o-mini/icl/medium/ancient_city_of_Babylon/20251029_221411 --domain topic --elicitation-strategy icl --ner-strategy calibrate --elicit-model-key gpt4o-mini --ner-model-key gpt4o-mini --max-depth 1 --max-facts-hint 100 --max-subjects 10 --ner-batch-size 50 --openai-batch --openai-batch-size 10 --temperature 0.7 --top-p 0.95 --top-k 50 --max-tokens 2000,2025-10-29T22:14:11.066668,True,
DRY_RUN,The Big Bang Theory,The_Big_Bang_Theory,topic,icl,calibrate,gpt4o-mini,runs/TestDryRun/topic/gpt4o-mini/icl/medium/The_Big_Bang_Theory/20251029_221411,medium,1,10,100,50,crawler_batch_concurrency_topic.py,/Users/muhammedsaeed/anaconda3/envs/KB/bin/python,/Users/muhammedsaeed/anaconda3/envs/KB/bin/python crawler_batch_concurrency_topic.py --seed 'The Big Bang Theory' --output-dir runs/TestDryRun/topic/gpt4o-mini/icl/medium/The_Big_Bang_Theory/20251029_221411 --domain topic --elicitation-strategy icl --ner-strategy calibrate --elicit-model-key gpt4o-mini --ner-model-key gpt4o-mini --max-depth 1 --max-facts-hint 100 --max-subjects 10 --ner-batch-size 50 --openai-batch --openai-batch-size 10 --temperature 0.7 --top-p 0.95 --top-k 50 --max-tokens 2000,2025-10-29T22:14:11.066682,True,
DRY_RUN,DAX 40 Index,DAX_40_Index,topic,icl,calibrate,gpt4o-mini,runs/TestDryRun/topic/gpt4o-mini/icl/medium/DAX_40_Index/20251029_221411,medium,1,10,100,50,crawler_batch_concurrency_topic.py,/Users/muhammedsaeed/anaconda3/envs/KB/bin/python,/Users/muhammedsaeed/anaconda3/envs/KB/bin/python crawler_batch_concurrency_topic.py --seed 'DAX 40 Index' --output-dir runs/TestDryRun/topic/gpt4o-mini/icl/medium/DAX_40_Index/20251029_221411 --domain topic --elicitation-strategy icl --ner-strategy calibrate --elicit-model-key gpt4o-mini --ner-model-key gpt4o-mini --max-depth 1 --max-facts-hint 100 --max-subjects 10 --ner-batch-size 50 --openai-batch --openai-batch-size 10 --temperature 0.7 --top-p 0.95 --top-k 50 --max-tokens 2000,2025-10-29T22:14:11.066694,True,
DRY_RUN,ancient city of Babylon,ancient_city_of_Babylon,topic,icl,calibrate,gpt4o-mini,runs/TestDryRun/topic/gpt4o-mini/icl/wild/ancient_city_of_Babylon/20251029_221411,wild,1,10,100,50,crawler_batch_concurrency_topic.py,/Users/muhammedsaeed/anaconda3/envs/KB/bin/python,/Users/muhammedsaeed/anaconda3/envs/KB/bin/python crawler_batch_concurrency_topic.py --seed 'ancient city of Babylon' --output-dir runs/TestDryRun/topic/gpt4o-mini/icl/wild/ancient_city_of_Babylon/20251029_221411 --domain topic --elicitation-strategy icl --ner-strategy calibrate --elicit-model-key gpt4o-mini --ner-model-key gpt4o-mini --max-depth 1 --max-facts-hint 100 --max-subjects 10 --ner-batch-size 50 --openai-batch --openai-batch-size 10 --temperature 2.0 --top-p 1.0 --top-k 100 --max-tokens 2000,2025-10-29T22:14:11.066706,True,
DRY_RUN,The Big Bang Theory,The_Big_Bang_Theory,topic,icl,calibrate,gpt4o-mini,runs/TestDryRun/topic/gpt4o-mini/icl/wild/The_Big_Bang_Theory/20251029_221411,wild,1,10,100,50,crawler_batch_concurrency_topic.py,/Users/muhammedsaeed/anaconda3/envs/KB/bin/python,/Users/muhammedsaeed/anaconda3/envs/KB/bin/python crawler_batch_concurrency_topic.py --seed 'The Big Bang Theory' --output-dir runs/TestDryRun/topic/gpt4o-mini/icl/wild/The_Big_Bang_Theory/20251029_221411 --domain topic --elicitation-strategy icl --ner-strategy calibrate --elicit-model-key gpt4o-mini --ner-model-key gpt4o-mini --max-depth 1 --max-facts-hint 100 --max-subjects 10 --ner-batch-size 50 --openai-batch --openai-batch-size 10 --temperature 2.0 --top-p 1.0 --top-k 100 --max-tokens 2000,2025-10-29T22:14:11.066717,True,
DRY_RUN,DAX 40 Index,DAX_40_Index,topic,icl,calibrate,gpt4o-mini,runs/TestDryRun/topic/gpt4o-mini/icl/wild/DAX_40_Index/20251029_221411,wild,1,10,100,50,crawler_batch_concurrency_topic.py,/Users/muhammedsaeed/anaconda3/envs/KB/bin/python,/Users/muhammedsaeed/anaconda3/envs/KB/bin/python crawler_batch_concurrency_topic.py --seed 'DAX 40 Index' --output-dir runs/TestDryRun/topic/gpt4o-mini/icl/wild/DAX_40_Index/20251029_221411 --domain topic --elicitation-strategy icl --ner-strategy calibrate --elicit-model-key gpt4o-mini --ner-model-key gpt4o-mini --max-depth 1 --max-facts-hint 100 --max-subjects 10 --ner-batch-size 50 --openai-batch --openai-batch-size 10 --temperature 2.0 --top-p 1.0 --top-k 100 --max-tokens 2000,2025-10-29T22:14:11.066729,True,
DRY_RUN,ancient city of Babylon,ancient_city_of_Babylon,topic,dont_know,calibrate,gpt4o-mini,runs/TestDryRun/topic/gpt4o-mini/dont_know/det/ancient_city_of_Babylon/20251029_221411,det,1,10,100,50,crawler_batch_concurrency_topic.py,/Users/muhammedsaeed/anaconda3/envs/KB/bin/python,/Users/muhammedsaeed/anaconda3/envs/KB/bin/python crawler_batch_concurrency_topic.py --seed 'ancient city of Babylon' --output-dir runs/TestDryRun/topic/gpt4o-mini/dont_know/det/ancient_city_of_Babylon/20251029_221411 --domain topic --elicitation-strategy dont_know --ner-strategy calibrate --elicit-model-key gpt4o-mini --ner-model-key gpt4o-mini --max-depth 1 --max-facts-hint 100 --max-subjects 10 --ner-batch-size 50 --openai-batch --openai-batch-size 10 --temperature 0.0 --top-p 1.0 --max-tokens 2000,2025-10-29T22:14:11.066740,True,
DRY_RUN,The Big Bang Theory,The_Big_Bang_Theory,topic,dont_know,calibrate,gpt4o-mini,runs/TestDryRun/topic/gpt4o-mini/dont_know/det/The_Big_Bang_Theory/20251029_221411,det,1,10,100,50,crawler_batch_concurrency_topic.py,/Users/muhammedsaeed/anaconda3/envs/KB/bin/python,/Users/muhammedsaeed/anaconda3/envs/KB/bin/python crawler_batch_concurrency_topic.py --seed 'The Big Bang Theory' --output-dir runs/TestDryRun/topic/gpt4o-mini/dont_know/det/The_Big_Bang_Theory/20251029_221411 --domain topic --elicitation-strategy dont_know --ner-strategy calibrate --elicit-model-key gpt4o-mini --ner-model-key gpt4o-mini --max-depth 1 --max-facts-hint 100 --max-subjects 10 --ner-batch-size 50 --openai-batch --openai-batch-size 10 --temperature 0.0 --top-p 1.0 --max-tokens 2000,2025-10-29T22:14:11.066752,True,
DRY_RUN,DAX 40 Index,DAX_40_Index,topic,dont_know,calibrate,gpt4o-mini,runs/TestDryRun/topic/gpt4o-mini/dont_know/det/DAX_40_Index/20251029_221411,det,1,10,100,50,crawler_batch_concurrency_topic.py,/Users/muhammedsaeed/anaconda3/envs/KB/bin/python,/Users/muhammedsaeed/anaconda3/envs/KB/bin/python crawler_batch_concurrency_topic.py --seed 'DAX 40 Index' --output-dir runs/TestDryRun/topic/gpt4o-mini/dont_know/det/DAX_40_Index/20251029_221411 --domain topic --elicitation-strategy dont_know --ner-strategy calibrate --elicit-model-key gpt4o-mini --ner-model-key gpt4o-mini --max-depth 1 --max-facts-hint 100 --max-subjects 10 --ner-batch-size 50 --openai-batch --openai-batch-size 10 --temperature 0.0 --top-p 1.0 --max-tokens 2000,2025-10-29T22:14:11.066763,True,
DRY_RUN,ancient city of Babylon,ancient_city_of_Babylon,topic,dont_know,calibrate,gpt4o-mini,runs/TestDryRun/topic/gpt4o-mini/dont_know/medium/ancient_city_of_Babylon/20251029_221411,medium,1,10,100,50,crawler_batch_concurrency_topic.py,/Users/muhammedsaeed/anaconda3/envs/KB/bin/python,/Users/muhammedsaeed/anaconda3/envs/KB/bin/python crawler_batch_concurrency_topic.py --seed 'ancient city of Babylon' --output-dir runs/TestDryRun/topic/gpt4o-mini/dont_know/medium/ancient_city_of_Babylon/20251029_221411 --domain topic --elicitation-strategy dont_know --ner-strategy calibrate --elicit-model-key gpt4o-mini --ner-model-key gpt4o-mini --max-depth 1 --max-facts-hint 100 --max-subjects 10 --ner-batch-size 50 --openai-batch --openai-batch-size 10 --temperature 0.7 --top-p 0.95 --top-k 50 --max-tokens 2000,2025-10-29T22:14:11.066775,True,
DRY_RUN,The Big Bang Theory,The_Big_Bang_Theory,topic,dont_know,calibrate,gpt4o-mini,runs/TestDryRun/topic/gpt4o-mini/dont_know/medium/The_Big_Bang_Theory/20251029_221411,medium,1,10,100,50,crawler_batch_concurrency_topic.py,/Users/muhammedsaeed/anaconda3/envs/KB/bin/python,/Users/muhammedsaeed/anaconda3/envs/KB/bin/python crawler_batch_concurrency_topic.py --seed 'The Big Bang Theory' --output-dir runs/TestDryRun/topic/gpt4o-mini/dont_know/medium/The_Big_Bang_Theory/20251029_221411 --domain topic --elicitation-strategy dont_know --ner-strategy calibrate --elicit-model-key gpt4o-mini --ner-model-key gpt4o-mini --max-depth 1 --max-facts-hint 100 --max-subjects 10 --ner-batch-size 50 --openai-batch --openai-batch-size 10 --temperature 0.7 --top-p 0.95 --top-k 50 --max-tokens 2000,2025-10-29T22:14:11.066786,True,
DRY_RUN,DAX 40 Index,DAX_40_Index,topic,dont_know,calibrate,gpt4o-mini,runs/TestDryRun/topic/gpt4o-mini/dont_know/medium/DAX_40_Index/20251029_221411,medium,1,10,100,50,crawler_batch_concurrency_topic.py,/Users/muhammedsaeed/anaconda3/envs/KB/bin/python,/Users/muhammedsaeed/anaconda3/envs/KB/bin/python crawler_batch_concurrency_topic.py --seed 'DAX 40 Index' --output-dir runs/TestDryRun/topic/gpt4o-mini/dont_know/medium/DAX_40_Index/20251029_221411 --domain topic --elicitation-strategy dont_know --ner-strategy calibrate --elicit-model-key gpt4o-mini --ner-model-key gpt4o-mini --max-depth 1 --max-facts-hint 100 --max-subjects 10 --ner-batch-size 50 --openai-batch --openai-batch-size 10 --temperature 0.7 --top-p 0.95 --top-k 50 --max-tokens 2000,2025-10-29T22:14:11.066799,True,
DRY_RUN,ancient city of Babylon,ancient_city_of_Babylon,topic,dont_know,calibrate,gpt4o-mini,runs/TestDryRun/topic/gpt4o-mini/dont_know/wild/ancient_city_of_Babylon/20251029_221411,wild,1,10,100,50,crawler_batch_concurrency_topic.py,/Users/muhammedsaeed/anaconda3/envs/KB/bin/python,/Users/muhammedsaeed/anaconda3/envs/KB/bin/python crawler_batch_concurrency_topic.py --seed 'ancient city of Babylon' --output-dir runs/TestDryRun/topic/gpt4o-mini/dont_know/wild/ancient_city_of_Babylon/20251029_221411 --domain topic --elicitation-strategy dont_know --ner-strategy calibrate --elicit-model-key gpt4o-mini --ner-model-key gpt4o-mini --max-depth 1 --max-facts-hint 100 --max-subjects 10 --ner-batch-size 50 --openai-batch --openai-batch-size 10 --temperature 2.0 --top-p 1.0 --top-k 100 --max-tokens 2000,2025-10-29T22:14:11.066812,True,
DRY_RUN,The Big Bang Theory,The_Big_Bang_Theory,topic,dont_know,calibrate,gpt4o-mini,runs/TestDryRun/topic/gpt4o-mini/dont_know/wild/The_Big_Bang_Theory/20251029_221411,wild,1,10,100,50,crawler_batch_concurrency_topic.py,/Users/muhammedsaeed/anaconda3/envs/KB/bin/python,/Users/muhammedsaeed/anaconda3/envs/KB/bin/python crawler_batch_concurrency_topic.py --seed 'The Big Bang Theory' --output-dir runs/TestDryRun/topic/gpt4o-mini/dont_know/wild/The_Big_Bang_Theory/20251029_221411 --domain topic --elicitation-strategy dont_know --ner-strategy calibrate --elicit-model-key gpt4o-mini --ner-model-key gpt4o-mini --max-depth 1 --max-facts-hint 100 --max-subjects 10 --ner-batch-size 50 --openai-batch --openai-batch-size 10 --temperature 2.0 --top-p 1.0 --top-k 100 --max-tokens 2000,2025-10-29T22:14:11.066823,True,
DRY_RUN,DAX 40 Index,DAX_40_Index,topic,dont_know,calibrate,gpt4o-mini,runs/TestDryRun/topic/gpt4o-mini/dont_know/wild/DAX_40_Index/20251029_221411,wild,1,10,100,50,crawler_batch_concurrency_topic.py,/Users/muhammedsaeed/anaconda3/envs/KB/bin/python,/Users/muhammedsaeed/anaconda3/envs/KB/bin/python crawler_batch_concurrency_topic.py --seed 'DAX 40 Index' --output-dir runs/TestDryRun/topic/gpt4o-mini/dont_know/wild/DAX_40_Index/20251029_221411 --domain topic --elicitation-strategy dont_know --ner-strategy calibrate --elicit-model-key gpt4o-mini --ner-model-key gpt4o-mini --max-depth 1 --max-facts-hint 100 --max-subjects 10 --ner-batch-size 50 --openai-batch --openai-batch-size 10 --temperature 2.0 --top-p 1.0 --top-k 100 --max-tokens 2000,2025-10-29T22:14:11.066835,True,
